date,tavg,tmin,tmax,prcp,wspd,pres,tsun
01-01-22 0:00,28.1,24.6,32,,11.9,1011.7,
02-01-22 0:00,28.3,25.5,32,,12.1,1010.6,
03-01-22 0:00,28.3,25,32.5,,10.8,1010.1,
04-01-22 0:00,28.2,24,33,,10.4,1010.6,
05-01-22 0:00,28.3,25,32,,11.7,1011.9,
06-01-22 0:00,28.6,26,33,,14.7,1011.5,
07-01-22 0:00,28.6,26,32.2,,16,1011.4,
08-01-22 0:00,28.4,25.6,33,,15.4,1011.3,
09-01-22 0:00,28.1,25,33,,15.6,1011.1,
10-01-22 0:00,28,25,32.1,,15.6,1010.2,
11-01-22 0:00,28.1,25.3,32,,16.2,1010.5,
12-01-22 0:00,27.7,24.6,32,,15.2,1011.6,
13-01-22 0:00,28.1,24.5,33,,12.4,1011.2,
14-01-22 0:00,28.1,25.2,32,,12.8,1011,
15-01-22 0:00,28.2,24.7,33,,11.5,1010.1,
16-01-22 0:00,28.1,24.7,33.5,,10.9,1009.2,
17-01-22 0:00,28,25,33,,11.3,1010.4,
18-01-22 0:00,28,25,32,,15.4,1011,
19-01-22 0:00,28.7,26.7,34,,11.6,1011.7,
20-01-22 0:00,28,25,32,,13.5,1010.4,
21-01-22 0:00,28,26,31,,13.1,1010.8,
22-01-22 0:00,28.2,26,32.5,,14.5,1011.1,
23-01-22 0:00,28.2,26,33,,17.2,1011,
24-01-22 0:00,28.1,25.5,32.2,,18.4,1009.5,
25-01-22 0:00,27.9,25,34,,20.7,1009.5,
26-01-22 0:00,27.3,24.5,32,,15.3,1010.8,
27-01-22 0:00,27.2,24.7,31.1,,13.5,1010.9,
28-01-22 0:00,27,23.5,31,,12.5,1010.2,
29-01-22 0:00,27.3,24.7,31,,12.6,1011.3,
30-01-22 0:00,27.4,24,32,,15.4,1010.6,
31-01-22 0:00,27.6,24.7,33,,11.5,1010.2,
01-02-22 0:00,27.9,24,33,,11.1,1009.4,
02-02-22 0:00,27.9,24.7,32,,12.2,1010.6,
03-02-22 0:00,28.6,26,33,,15.4,1010.8,
04-02-22 0:00,28,26,31,,13.6,1010.1,
05-02-22 0:00,27.5,24,31,,9.8,1010,
06-02-22 0:00,28.2,25.5,33,,12.5,1009.2,
07-02-22 0:00,28.2,25.2,33,,12,1011.1,
08-02-22 0:00,28.1,24,33,,16.3,1011,
09-02-22 0:00,28.4,24.6,36,,17.7,1010.3,
10-02-22 0:00,28.1,25.2,32,,14.6,1010.3,
11-02-22 0:00,27.8,24.7,32,,15.9,1009.6,
12-02-22 0:00,27.7,26,31,,12.1,1009.9,
13-02-22 0:00,27.7,24,32,,12.6,1009,
14-02-22 0:00,28.1,24.7,32.7,,12.2,1009.2,
15-02-22 0:00,27.7,24,32,,14.6,1010,
16-02-22 0:00,28.3,24.6,35,,9.6,1009,
17-02-22 0:00,28.4,25,32.5,,9,1007.6,
18-02-22 0:00,28.9,26,33.5,,9.6,1007.6,
19-02-22 0:00,28.9,25.6,34,,12.8,1008.2,
20-02-22 0:00,28.5,25,33,,11.3,1009.4,
21-02-22 0:00,28.6,24.5,33.2,,12.8,1008.5,
22-02-22 0:00,28.1,26,32.6,,12.2,1008.1,
23-02-22 0:00,28.3,26,31.7,,15.7,1009.3,
24-02-22 0:00,28.1,26,32,,13.2,1012,
25-02-22 0:00,28.4,25.9,33,,14.8,1011.9,
26-02-22 0:00,28.4,25,33,,11.1,1011,
27-02-22 0:00,28.8,25.7,33,,14.6,1010.6,
28-02-22 0:00,28.6,26,33,,14.6,1010.9,
01-03-22 0:00,28.1,24.6,33,,13.7,1010.6,
02-03-22 0:00,28.5,25,34,,18.2,1009.6,
03-03-22 0:00,28.1,25,32,,16,1010.4,
04-03-22 0:00,28.4,25,33,,14.2,1009.9,
05-03-22 0:00,28.1,25,32,,14.5,1009.9,
06-03-22 0:00,27.9,25,32,,12,1009.3,
07-03-22 0:00,28.4,26,33,,14.7,1008.9,
08-03-22 0:00,28.5,25.7,33.5,,14.1,1008.5,
09-03-22 0:00,28.5,26,32,,15.5,1008.5,
10-03-22 0:00,28.4,26,33,,15.1,1009.4,
11-03-22 0:00,28,24.7,32,,14.1,1009.2,
12-03-22 0:00,28.1,24.7,33.1,,13.7,1008.2,
13-03-22 0:00,28.6,26,32.2,,13.8,1008.4,
14-03-22 0:00,28,24.7,32.1,,12.8,1010,
15-03-22 0:00,28.2,25,33,,12.5,1009.2,
16-03-22 0:00,28.8,27,33,,16.8,1008.1,
17-03-22 0:00,28.4,25.2,33.2,,14.8,1008.9,
18-03-22 0:00,28.5,26,32,,12.4,1011,
19-03-22 0:00,28.6,25,33.4,,10.5,1011.1,
20-03-22 0:00,28.1,24.6,32,,11,1010.6,
21-03-22 0:00,28.5,25,33,,9.9,1010.6,
22-03-22 0:00,29,25.5,34,,10.3,1010.8,
23-03-22 0:00,29.6,27,34,,16.4,1011.7,
24-03-22 0:00,29.7,26.7,34,,15.8,1011.3,
25-03-22 0:00,29.6,26.5,34,,14.9,1010.1,
26-03-22 0:00,29.7,26.2,34,,11.7,1009.5,
27-03-22 0:00,30,26,34,,11.9,1010.6,
28-03-22 0:00,29.8,26.3,34,,11.8,1010.5,
29-03-22 0:00,30.1,27.5,34,,11.4,1009.3,
30-03-22 0:00,28.6,26,32,,11.2,1009.8,
31-03-22 0:00,29.2,26.5,33,,10.7,1010.7,
01-04-22 0:00,29.1,25,33,,13.2,1011.4,
02-04-22 0:00,29.2,26,33,,10.6,1011,
03-04-22 0:00,29.5,26,33,,12.3,1010.5,
04-04-22 0:00,29.6,26.6,33,,10.6,1010.6,
05-04-22 0:00,29.6,27,33,,11.6,1010.8,
06-04-22 0:00,29.4,26,33,,10.3,1011,
07-04-22 0:00,29.6,26.4,33.7,,10.3,1011.5,
08-04-22 0:00,29.5,24.5,33,,10.6,1011.7,
09-04-22 0:00,29.6,25.7,33,,13.3,1010.9,
10-04-22 0:00,29.4,26.3,33,,12.8,1010.5,
11-04-22 0:00,29.4,25.9,33.8,,14,1010.6,
12-04-22 0:00,28.7,25.9,32,,16.4,1009.9,
13-04-22 0:00,28.8,25,33.5,,16.2,1008.5,
14-04-22 0:00,28.1,26.2,30.2,,14.7,1008.8,
15-04-22 0:00,28,25.7,33,,14.5,1009.8,
16-04-22 0:00,25.7,25,28.6,,12.8,1010.4,
17-04-22 0:00,26.4,24,29,,12.9,1010.6,
18-04-22 0:00,28.6,23.9,33.3,20.1,19.7,1010.4,
19-04-22 0:00,28.9,26,33,0,15.6,1010.7,
20-04-22 0:00,25.4,23.2,27.3,35.1,14.1,1011,
21-04-22 0:00,28.2,24.4,31.4,0,12.3,1010.5,
22-04-22 0:00,28.5,25.3,32,,10,1009.9,
23-04-22 0:00,28.2,25,31.5,,8.5,1010,
24-04-22 0:00,28.2,25,31.2,0,8.5,1009.7,
25-04-22 0:00,28.3,25,32,,11,1009.3,
26-04-22 0:00,28.3,25.6,32.4,,15.8,1009.5,
27-04-22 0:00,28.5,24.6,32.4,,15.9,1010,
28-04-22 0:00,27.6,24.6,31.6,2,14.2,1010.7,
29-04-22 0:00,26.8,24.8,30,,17.2,1012,
30-04-22 0:00,26.8,24.9,29.8,,16.4,1012.6,
01-05-22 0:00,28.1,24.4,31.3,0,19.5,1013.2,
02-05-22 0:00,27.9,25,31,,19,1013.2,
03-05-22 0:00,25.8,24,28,,14.5,1014.2,
04-05-22 0:00,24.5,23.9,25,,9.6,1015,
05-05-22 0:00,25.9,23.2,30.9,50,12.3,1014.7,
06-05-22 0:00,25.9,24,29.5,,14.8,1013.4,
07-05-22 0:00,27.3,22.7,31.5,38.1,13.9,1012.3,
08-05-22 0:00,26.9,24,30,6.1,14.3,1012.6,
09-05-22 0:00,27.4,24,31.3,0,13.5,1012.7,
10-05-22 0:00,27.7,25,31,,14.6,1012.4,
11-05-22 0:00,27.7,24.9,31.2,,18.4,1012.7,
12-05-22 0:00,27.1,24,30,,18.1,1014,
13-05-22 0:00,27.3,23.7,30.6,,16.2,1014.4,
14-05-22 0:00,27.2,23.6,31,,14.7,1014.7,
15-05-22 0:00,27.2,24.6,31.2,,15.5,1015.6,
16-05-22 0:00,27.4,23.6,31.2,,17,1016.3,
17-05-22 0:00,26.7,25,31,,17.1,1015.2,
18-05-22 0:00,27.2,23.3,32,,16.8,1014.2,
19-05-22 0:00,26.9,23.3,31.2,,13.9,1014.3,
20-05-22 0:00,27.4,23.8,31.6,0,15.1,1014,
21-05-22 0:00,27.3,24.6,31.4,,14.3,1014.4,
22-05-22 0:00,27.3,23.9,31.4,,13.4,1013.3,
23-05-22 0:00,27.6,23.6,32.6,,15.3,1012.3,
24-05-22 0:00,28,25.6,31.7,0.3,15.4,1012.6,
25-05-22 0:00,28.1,24,32.2,0,15.2,1014.5,
26-05-22 0:00,28.1,24.8,32.1,,15.2,1014.8,
27-05-22 0:00,27.7,24.1,31.2,,16.4,1014.3,
28-05-22 0:00,25.8,25,28.7,1.4,13.7,1014.1,
29-05-22 0:00,26.1,22.8,30.1,0.6,15.4,1014.8,
30-05-22 0:00,26.6,23.2,31.1,0,13,1015.5,
31-05-22 0:00,25.3,23.4,29.2,1,11.4,1014.7,
01-06-22 0:00,25.6,23.2,29,6.1,13.4,1014.2,
02-06-22 0:00,24.8,21.5,28.8,4.3,14.8,1014.8,
03-06-22 0:00,25.7,22.4,29,3.3,19.8,1015.3,
04-06-22 0:00,26.1,21.8,29.4,1,20.2,1014.4,
05-06-22 0:00,23.6,22,26.6,0.3,10.7,1014.6,
06-06-22 0:00,23.4,21.3,25.3,21.1,10.5,1015.1,
07-06-22 0:00,25.8,22.8,30.6,0,17.7,1014.5,
08-06-22 0:00,26.5,23.2,30.2,1.1,16.9,1014.5,
09-06-22 0:00,25.6,23,29.2,0.2,15.7,1014.5,
10-06-22 0:00,25.8,22.7,30.2,2.3,13.8,1015.3,
11-06-22 0:00,25.9,22.6,29.3,0.3,17.4,1015.7,
12-06-22 0:00,25.7,24.4,28.2,1,16.9,1015.4,
13-06-22 0:00,25.5,22.5,29,0.5,14.8,1015.1,
14-06-22 0:00,25.3,23,29.2,0,15.1,1014.5,
15-06-22 0:00,25.8,22,30.1,0.2,13.1,1014.1,
16-06-22 0:00,25.7,22.8,30.5,0.8,10.4,1013.8,
17-06-22 0:00,25.8,23,28.9,0.6,10,1013.6,
18-06-22 0:00,25.6,22.6,29,2,15.1,1013.9,
19-06-22 0:00,25.2,23,29,1.3,13,1014.8,
20-06-22 0:00,25.5,22,30.5,0,15.6,1016.5,
21-06-22 0:00,24.8,22.2,28.3,0,12.8,1015.8,
22-06-22 0:00,25.2,22.5,29,2.3,18.6,1014.5,
23-06-22 0:00,25.7,22.4,29.4,0,18.3,1015.6,
24-06-22 0:00,25.3,22.5,29,1.1,16,1015.9,
25-06-22 0:00,25.3,22,29.2,0.2,15.6,1015.9,
26-06-22 0:00,25.1,23,29,0.1,21,1017.2,
27-06-22 0:00,25.2,23,29.1,0.9,18.2,1018.2,
28-06-22 0:00,24.9,21.3,30,2,18.6,1016.9,
29-06-22 0:00,23.3,20.4,28,6.1,16,1017.7,
30-06-22 0:00,23.9,21.4,27.3,2,15,1017.6,
01-07-22 0:00,23.2,21.3,26.6,1.2,12.9,1018,
02-07-22 0:00,22.6,20.5,27.5,3,14.6,1018.2,
03-07-22 0:00,24.2,20,30,0.5,17.8,1018.3,
04-07-22 0:00,23.6,20.8,27.3,2,15,1018,
05-07-22 0:00,24.2,20.5,28.2,0,14.8,1016.7,
06-07-22 0:00,24.6,21,28.2,0.2,15.8,1016.6,
07-07-22 0:00,24.6,22,27.5,3.1,14.2,1017.8,
08-07-22 0:00,24.1,21.7,27.6,2.5,14.9,1018.8,
09-07-22 0:00,23.8,21,26.5,1.3,14.7,1018,
10-07-22 0:00,23.4,21.7,27,4.5,15.1,1017.4,
11-07-22 0:00,23.6,21,26.4,3.9,13.8,1017.5,
12-07-22 0:00,23.1,20.7,26.6,1,11.8,1018.6,
13-07-22 0:00,25.6,20.5,29.3,7.9,18,1017.4,
14-07-22 0:00,23.5,20.9,27.5,0.3,19.1,1015.8,
15-07-22 0:00,25,21.9,29.1,1,16.9,1015.5,
16-07-22 0:00,24.8,22,28,0.8,16.4,1016.2,
17-07-22 0:00,24.3,21.7,28.1,0.6,14.1,1016.9,
18-07-22 0:00,23.7,21.4,27,1.3,13.9,1017.1,
19-07-22 0:00,23.4,21.6,28.1,0,13.9,1017.2,
20-07-22 0:00,23.2,20,27,6.6,13.7,1017,
21-07-22 0:00,22.6,20.4,26.2,7.1,12,1016.8,
22-07-22 0:00,23.8,21,27.5,0,15.1,1016.8,
23-07-22 0:00,23.6,21,26.3,3,11.2,1016.6,
24-07-22 0:00,23.2,21,26,0.4,13.1,1015.7,
25-07-22 0:00,24,20,28,0,13.2,1016.1,
26-07-22 0:00,24.2,20.9,28.2,1,14.9,1015.7,
27-07-22 0:00,23.4,21.9,25.5,0,11.1,1014.3,
28-07-22 0:00,23.9,21,27.8,7.1,11,1014.7,
29-07-22 0:00,24.1,20,27.7,0,11.5,1015.4,
30-07-22 0:00,24.1,21.7,28,0.5,11.5,1015.6,
31-07-22 0:00,23.6,21.8,26.7,2.4,11,1015.5,
01-08-22 0:00,23.8,21,27.2,0.3,12.7,1016.3,
02-08-22 0:00,24.2,21.7,28,0.3,12.5,1016.4,
03-08-22 0:00,23.7,21,27.4,4.1,14.3,1016.1,
04-08-22 0:00,24,22,27,0,13.5,1016.8,
05-08-22 0:00,23.7,20.8,27.3,0.6,14.2,1017,
06-08-22 0:00,23.4,19.7,27.2,0,12.3,1016.2,
07-08-22 0:00,23.3,20,27.2,0,12.6,1015.4,
08-08-22 0:00,22.8,20,27.5,0.9,8.9,1015.6,
09-08-22 0:00,23.7,20,27.6,0.8,14.2,1015.9,
10-08-22 0:00,23.1,21,25.1,6,13.3,1015.7,135
11-08-22 0:00,23.4,21.4,27,2.8,10.5,1016,102
12-08-22 0:00,23,20.6,26.5,2,11.8,1015.6,255
13-08-22 0:00,23.6,21,27.1,2,13.2,1014.9,304
14-08-22 0:00,23.8,22,26.6,10.9,12.4,1014.3,139
15-08-22 0:00,23.6,21,27,0,9.5,1013.9,257
16-08-22 0:00,24.4,20.8,28.1,0,15.2,1014.6,447
17-08-22 0:00,24.2,21,28.1,0.5,14,1014.9,449
18-08-22 0:00,24.2,20.9,28.2,1.4,13.8,1014.9,426
19-08-22 0:00,24,21,28,0.5,13.9,1014.7,570
20-08-22 0:00,24.2,20.5,28.1,0.3,13.6,1015.1,497
21-08-22 0:00,24.2,20.8,28.2,0.2,15.6,1015.9,451
22-08-22 0:00,23.7,20.4,28.3,0.9,15.1,1016,452
23-08-22 0:00,24.6,21.9,29,0.4,15.9,1016.8,429
24-08-22 0:00,24.9,21.4,29.4,1.8,17.5,1017,363
25-08-22 0:00,24.5,21.2,29,2.5,14,1016.1,300
26-08-22 0:00,24.6,21.6,28.1,1.5,16,1015,249
27-08-22 0:00,24.4,21,28.3,2,14.7,1015.1,370
28-08-22 0:00,23.5,20.8,27.4,0.5,11.2,1015,408
29-08-22 0:00,23.9,20.3,28,0.1,13.8,1015,452
30-08-22 0:00,24.3,20,29.2,0,13.3,1015.1,463
31-08-22 0:00,24.4,21.7,28,0.4,14.6,1015.4,448
01-09-22 0:00,24.2,20.5,29.2,1.9,13.5,1015.2,458
02-09-22 0:00,23.9,21,27.2,0.4,18,1015.8,331
03-09-22 0:00,24.3,21,28,0.8,15.4,1016.8,387
04-09-22 0:00,24.3,20.7,28.6,0.4,12.2,1016.5,520
05-09-22 0:00,24.6,20.7,28.6,0.5,11.2,1016.1,514
06-09-22 0:00,24.7,21,28.4,0.1,14.7,1015.9,468
07-09-22 0:00,24.5,20.9,28.6,0.7,14.8,1015.8,345
08-09-22 0:00,24.3,20.9,29,0.9,12.6,1015.4,414
09-09-22 0:00,24.6,21,29,1,15.2,1015.4,410
10-09-22 0:00,24.7,22,29,2.1,14.5,1016,273
11-09-22 0:00,24.8,22,29,1.2,20.1,1015.5,384
12-09-22 0:00,24.9,21.5,28.5,0.8,13.9,1014,436
13-09-22 0:00,25.1,21.9,29,0,15.1,1014.4,428
14-09-22 0:00,25.2,21.5,29,0.4,14.8,1016.1,460
15-09-22 0:00,24.9,21.4,29.5,2.9,16.4,1017.2,374
16-09-22 0:00,24.9,21.9,28.5,3,15.5,1016.4,429
17-09-22 0:00,25.3,22.4,29,0.5,15.3,1014.8,493
18-09-22 0:00,25.4,22,29,0.7,15.5,1014.9,423
19-09-22 0:00,24.9,22.9,27.4,0.5,14.1,1015,295
20-09-22 0:00,25.4,23,29,2.4,13.2,1014.6,422
21-09-22 0:00,25.5,22,29,0.6,14.6,1013.5,534
22-09-22 0:00,25.9,24,29,2.6,19.2,1014.1,452
23-09-22 0:00,25.7,22.7,30,1.4,13.6,1014.3,499
24-09-22 0:00,25.3,23.5,28.1,3.6,15.9,1014.1,359
25-09-22 0:00,25.5,23,29.2,2.1,17.3,1013.7,316
26-09-22 0:00,26,23.7,29,3,18.6,1014.9,360
27-09-22 0:00,25.6,22.7,29,1.2,15.3,1015.2,463
28-09-22 0:00,25.3,21.7,30,0.2,17.2,1014.9,552
29-09-22 0:00,25.6,23,29,0.8,18.1,1014.4,484
30-09-22 0:00,25.2,22,29,0.6,13.5,1014.6,514
01-10-22 0:00,24.6,22,29,0.7,12.8,1015.6,409
02-10-22 0:00,24.4,20.7,28.1,0.3,14.1,1014.8,515
03-10-22 0:00,25,21,28.8,0,14.1,1013.6,591
04-10-22 0:00,25.4,21.7,29,0.3,15,1014.1,581
05-10-22 0:00,25.4,22.5,29.1,2,15.5,1014.6,470
06-10-22 0:00,25.8,23,29.1,1.5,17,1014.6,493
07-10-22 0:00,25.9,23,30,1.7,19.3,1014,522
08-10-22 0:00,25.5,22,30,3.1,18,1014.5,555
09-10-22 0:00,25.1,22,28.2,0.5,16.9,1015.2,502
10-10-22 0:00,25.5,22,30,1,17.3,1016.1,545
11-10-22 0:00,25.3,21.8,29,0.1,17.7,1015.8,558
12-10-22 0:00,25.3,21.7,30,0.6,17.4,1015.3,611
13-10-22 0:00,25,21,29,0,16.9,1015,514
14-10-22 0:00,25.2,22,29,1.9,16.8,1014,534
15-10-22 0:00,25.4,21.2,30,0,14.1,1012.7,581
16-10-22 0:00,25.9,22.6,30.6,0.9,14.4,1013.5,524
17-10-22 0:00,26.1,23.7,30,0.9,15.5,1015,462
18-10-22 0:00,25.6,23,29,0.4,14.2,1015.4,499
19-10-22 0:00,25.7,23,29,0.9,13.2,1014.7,528
20-10-22 0:00,25.9,22.7,29.5,0.8,15.4,1014.2,462
21-10-22 0:00,26,22,30,0.2,16.3,1014.8,573
22-10-22 0:00,25.7,23,29,0.5,13.4,1015,557
23-10-22 0:00,25.8,23.9,29,1.9,11.9,1015.6,448
24-10-22 0:00,26.3,24,30,1.6,12.1,1013.6,494
25-10-22 0:00,27,24.2,31,0.8,13.8,1012.5,568
26-10-22 0:00,27,25,30,1.8,15.1,1012.8,507
27-10-22 0:00,26.5,25,29.1,2.1,16.6,1013.4,477
28-10-22 0:00,26.6,24,30,0.3,13.8,1012.5,628
29-10-22 0:00,26.7,23,31,1.6,10.8,1011.6,631
30-10-22 0:00,27,23.7,31,1.3,11.3,1011.9,583
31-10-22 0:00,26.3,24,29,1.8,13.2,1012.5,399
01-11-22 0:00,26.1,24,29,1.7,12.1,1013.5,395
02-11-22 0:00,25.6,23.6,29,1.3,11.4,1013.8,432
03-11-22 0:00,26.3,23.2,29.6,0.8,8.5,1012.9,569
04-11-22 0:00,26.4,22.9,30,0.7,8.5,1012.5,618
05-11-22 0:00,26.6,23,30,0.1,10.4,1012.6,578
06-11-22 0:00,26.2,24,29,0.9,8.5,1013.5,452
07-11-22 0:00,26.6,24.5,29.2,0.5,10.7,1013.6,481
08-11-22 0:00,27.1,24.5,30.1,0.8,11.4,1013,556
09-11-22 0:00,27.5,25,30.5,1.9,11.8,1011.8,480
10-11-22 0:00,27.3,25,30.5,2.1,10.1,1011.6,458
11-11-22 0:00,27.3,24.2,31.1,1.2,9.3,1012.3,529
12-11-22 0:00,27.2,24.5,30.7,2.2,10.6,1012.9,550
13-11-22 0:00,27.2,24.5,31,3.9,10.4,1013,563
14-11-22 0:00,27.4,25,31,2.1,10.6,1012.6,474
15-11-22 0:00,27.9,26,31.1,1.7,12.5,1012,512
16-11-22 0:00,27.9,26,32,4,12.4,1011.2,501
17-11-22 0:00,27.5,25,32,4.9,10.2,1011.2,410
18-11-22 0:00,27.1,24,31.5,6.1,10.2,1011.2,459
19-11-22 0:00,25.8,23,27.5,23.4,6.3,1011.9,309
20-11-22 0:00,27.8,24.7,32,1.3,8.1,1011.2,417
21-11-22 0:00,27.9,25,31,1.1,11,1010,528
22-11-22 0:00,28.1,25.2,32,2.8,12.1,1010.7,553
23-11-22 0:00,28.1,25,31,2.2,12.5,1012.1,548
24-11-22 0:00,27.3,24.6,31,2.3,9.2,1012.5,558
25-11-22 0:00,27.5,24,32,0.4,9.4,1012.4,617
26-11-22 0:00,27.1,25,31,2.6,11.9,1011.4,434
27-11-22 0:00,27.3,23.5,31.5,0.2,11.4,1009.8,427
28-11-22 0:00,27.5,24.7,31,3,9.5,1008.8,591
29-11-22 0:00,27,24,30.2,1.1,9.1,1009.1,504
30-11-22 0:00,27.2,22,31.1,2.9,8.5,1009.8,516
01-12-22 0:00,27.5,24,31.2,1.1,10.1,1010.2,578
02-12-22 0:00,27.8,24.6,31,2.2,8.9,1010,582
03-12-22 0:00,28,25,31.5,2.3,10.4,1009.7,554
04-12-22 0:00,28.1,25,32,0.4,10.1,1010.1,603
05-12-22 0:00,27.7,23,32.2,0.9,8.5,1011.2,656
06-12-22 0:00,28,24,32,0.7,9.9,1010.8,655
07-12-22 0:00,28.1,24.2,32,0.3,9.7,1010.6,641
08-12-22 0:00,28.2,25,31.2,2.3,9.3,1011.4,647
09-12-22 0:00,28.1,25,32.5,0.2,11.2,1011.3,648
10-12-22 0:00,28.2,24.7,33,1.4,10.3,1010.6,657
11-12-22 0:00,28.3,24.5,34,0.5,8.1,1010.8,629
12-12-22 0:00,27,24,32,3.8,9,1010.5,610
13-12-22 0:00,27.7,25,32,4,10.5,1010.9,592
14-12-22 0:00,28,24.6,32,2.5,10.5,1010.8,645
15-12-22 0:00,27.8,25,31.4,2.9,10,1009.9,624
16-12-22 0:00,28.1,24.7,31.2,2.5,9.7,1009.4,580
17-12-22 0:00,28.3,25,32.5,2.8,11.7,1008.6,554
18-12-22 0:00,28.7,25.5,32,1.6,15,1008.8,572
19-12-22 0:00,28.6,25,33.8,1.8,15.4,1008.4,617
20-12-22 0:00,28.4,25,33.7,1.5,14.5,1007.9,573
21-12-22 0:00,28.3,25,33,1.4,14.7,1009.1,595
22-12-22 0:00,28.3,25.5,32.7,4.9,14.4,1009.3,512
23-12-22 0:00,28.3,24.9,33.4,2.3,12.5,1010,513
24-12-22 0:00,27.7,25.3,31.2,7.4,9.2,1010.8,527
25-12-22 0:00,28.3,25,32.7,7.2,12.7,1011.2,524
26-12-22 0:00,28.8,25.9,33.3,2,13.2,1011.5,572
27-12-22 0:00,27.1,23.2,33.2,7.9,8.6,1012.6,504
28-12-22 0:00,28.4,23.4,32.8,1.3,10.9,1012.6,605
29-12-22 0:00,28.5,25,32.1,1.4,11.5,1012,616
30-12-22 0:00,28.2,25,33.2,0.2,11.3,1013.5,652
31-12-22 0:00,27.9,24,32,0,10.2,1013.4,639
01-01-23 0:00,28.4,25,33,0.6,11.5,1012.9,647
02-01-23 0:00,28.4,24,33.2,0,13.2,1012.6,632
03-01-23 0:00,28.4,24.6,33.6,1.8,13.3,1013.3,599
04-01-23 0:00,27.9,25,33,9.4,10.2,1013,488
05-01-23 0:00,27.7,24,33,2,11.5,1011.8,451
06-01-23 0:00,28.4,25.4,33.6,4.3,14.9,1011.9,509
07-01-23 0:00,28.4,24.7,33,0.6,12.8,1011.7,583
08-01-23 0:00,27.8,24,31.5,1.8,10.9,1011.4,580
09-01-23 0:00,28.7,25,33.7,13.9,12.1,1012.4,558
10-01-23 0:00,27.8,25,32.2,0,9.3,1013.5,527
11-01-23 0:00,27.5,25,31,2.7,6.8,1011.7,561
12-01-23 0:00,27.7,25,31,0.6,11.1,1010.3,505
13-01-23 0:00,27.8,25,31.1,0,11,1011.1,599
14-01-23 0:00,27.8,24,33,0.6,14.1,1011.2,625
15-01-23 0:00,27.9,24.7,32.2,1.3,14.9,1010.4,625
16-01-23 0:00,28.1,24.6,32.2,1.8,14.4,1011,626
17-01-23 0:00,28,24.4,32.8,1.6,12.4,1011.2,613
18-01-23 0:00,27.9,24,32.5,0.2,9.7,1010.3,589
19-01-23 0:00,28.5,25.8,34,1.2,11.4,1010,494
20-01-23 0:00,28.5,24.7,34.6,0.6,15.8,1009.5,526
21-01-23 0:00,28.5,24.2,34,0.5,19.6,1008.3,554
22-01-23 0:00,28.1,26,31.5,4.3,20.2,1009.5,437
23-01-23 0:00,27.8,25,32,1.7,15.3,1009.6,518
24-01-23 0:00,27.6,24,33,0.4,16.8,1010.1,570
25-01-23 0:00,28,23.7,34.2,0,19.2,1008.7,623
26-01-23 0:00,27.6,24.4,32.5,0,17.9,1008.4,566
27-01-23 0:00,27.7,24.7,32,0.1,18,1010.1,595
28-01-23 0:00,26.1,23,32.1,0,13.7,1009.8,622
29-01-23 0:00,27,23,33,0.2,12.8,1010.2,610
30-01-23 0:00,27.7,24.5,33.3,0,13.6,1010.9,540
31-01-23 0:00,27.7,24,34,0,13.6,1011.3,544
01-02-23 0:00,27.6,24,33,0.3,10.1,1011.2,650
02-02-23 0:00,28.1,24,33,0.5,10.7,1010.8,648
03-02-23 0:00,28.8,25.2,34,1.3,11.7,1010.9,621
04-02-23 0:00,28.3,24.7,33,0.4,12.9,1010.1,636
05-02-23 0:00,28.1,25,33.1,0,14.3,1008.8,639
06-02-23 0:00,28.3,25.1,32.2,0,14.5,1009.6,621
07-02-23 0:00,28.6,25.5,34,0.2,16,1009.3,580
08-02-23 0:00,28.3,25,34.5,0,14.9,1009.7,559
09-02-23 0:00,29,26,34,0.4,13.5,1010.5,580
10-02-23 0:00,28.4,25,35,0,15,1010.2,617
11-02-23 0:00,28.2,25,33,0,18.3,1011,600
12-02-23 0:00,28,25,33,0.2,21.2,1011.7,562
13-02-23 0:00,27.6,24,33,0,15.2,1011.5,609
14-02-23 0:00,28,24.6,32.1,0.2,13.8,1010.5,618
15-02-23 0:00,27.8,24,32,0.7,13.5,1008.6,609
16-02-23 0:00,27.8,24.7,32,0.6,15,1008.8,586
17-02-23 0:00,27.4,24,33,1.8,13.8,1010.4,579
18-02-23 0:00,28.5,25.7,34,1.8,17.7,1010.2,542
19-02-23 0:00,28.1,25,33.3,0.8,15.4,1010.8,560
20-02-23 0:00,28.1,24,33.5,0.4,15.8,1011.2,574
21-02-23 0:00,27.6,24.5,33,0,14,1011.5,480
22-02-23 0:00,27.8,24.5,32.6,1.2,13.3,1010.7,597
23-02-23 0:00,27.9,24.6,32,0.7,13.4,1010.4,605
24-02-23 0:00,27.9,24.5,32.6,0.5,10.2,1010.9,634
25-02-23 0:00,28.1,24.6,33.3,0.2,12.7,1011.4,606
26-02-23 0:00,28.1,24.7,33,0.6,14.5,1011.9,611
27-02-23 0:00,28.6,24.7,34,0,15.5,1012.6,606
28-02-23 0:00,27.9,24,33,0,12.9,1012.8,614
01-03-23 0:00,28.2,24.5,33,0,13.1,1012.2,631
02-03-23 0:00,28.6,25.8,33.2,0,15.6,1011,634
03-03-23 0:00,28.6,25,34,0,17.3,1011.3,641
04-03-23 0:00,28.3,25,33,0,18.2,1012.6,626
05-03-23 0:00,27.9,24,33,0,17.1,1012.7,634
06-03-23 0:00,28,25,32,0.4,16.3,1011.2,632
07-03-23 0:00,27.4,24,32.2,1.3,13.3,1010,628
08-03-23 0:00,27.9,25,32,0,14.8,1009.5,621
09-03-23 0:00,28.2,24.6,32.8,0,15,1009.5,643
10-03-23 0:00,27.9,24.8,32.4,0,15.5,1008.7,625
11-03-23 0:00,28.3,25,33,0.8,17.2,1009,596
12-03-23 0:00,28.7,25.5,34,0.1,16.4,1009.2,614
13-03-23 0:00,28.4,25,33.2,0,14.2,1009,637
14-03-23 0:00,28.6,25.7,33,0.2,13,1008.4,607
15-03-23 0:00,28.8,25,34,0.8,12.3,1008.5,648
16-03-23 0:00,28.6,25,33.5,0,10,1009,649
17-03-23 0:00,28.6,25,33.6,0.1,10.9,1009.5,637
18-03-23 0:00,28.9,24.7,34.2,0,9.5,1010.3,658
19-03-23 0:00,28.1,24,32.2,0.8,9.7,1010.7,564
20-03-23 0:00,26.8,25,31.6,5.5,11.2,1010.4,476
21-03-23 0:00,26.6,25,29.2,6.9,11.1,1009.9,371
22-03-23 0:00,28.2,25,32,0,18.4,1009.7,470
23-03-23 0:00,28.7,25.7,33,6,14.5,1009.9,485
24-03-23 0:00,28.2,25.5,32,10.4,13.3,1009.3,401
25-03-23 0:00,28.5,25,33,6.4,14.7,1009.6,429
26-03-23 0:00,27.5,25.4,32,5.5,8.7,1010.2,490
27-03-23 0:00,28.8,24.6,34.2,3.8,9.4,1009.4,611
28-03-23 0:00,29.1,26,33,7.5,9.9,1009.7,536
29-03-23 0:00,29,25.5,33,1.6,10.3,1010.6,619
30-03-23 0:00,29.1,26,32.5,0.9,10,1010.4,640
31-03-23 0:00,29.1,26,32.2,1.5,11.7,1009.8,635
01-04-23 0:00,29.1,25.7,33.1,0,12.5,1010.3,647
02-04-23 0:00,29.3,26,32.2,1.7,17.4,1009.8,613
03-04-23 0:00,29.1,25.7,33,1.7,14.5,1009,596
04-04-23 0:00,27.9,26,31,2.1,10.7,1009.7,574
05-04-23 0:00,28,25,32,2.6,10.7,1010.3,577
06-04-23 0:00,29.1,26,33,1.2,10.7,1009.7,602
07-04-23 0:00,28.9,26,32.2,0.7,13.4,1010.5,614
08-04-23 0:00,29.2,25.7,33,0.5,12.8,1010.6,618
09-04-23 0:00,29.7,26.7,34,1.1,11.4,1010.7,596
10-04-23 0:00,28.6,24.7,33,2.8,12.8,1010.5,599
11-04-23 0:00,28.7,25,32,5.4,8.7,1009.6,598
12-04-23 0:00,29.1,26,33.9,3.5,8.5,1010.1,569
13-04-23 0:00,29.1,26,33,3.7,8.9,1011.3,585
14-04-23 0:00,28.3,25.5,32.3,4.1,9.5,1011.5,464
15-04-23 0:00,28.1,25.5,31,3.7,9.8,1011.2,551
16-04-23 0:00,27.6,24,31.3,8.6,12.2,1010.4,440
17-04-23 0:00,27.1,25,31,8.2,13.8,1010,342
18-04-23 0:00,25.4,24.7,26.5,71.8,11.2,1011.6,125
19-04-23 0:00,26.5,24.4,30.5,1.4,12.7,1011.6,268
20-04-23 0:00,27.8,25,31.2,1,15.6,1008.3,538
21-04-23 0:00,28.3,25,32,2.2,15.7,1006.1,392
22-04-23 0:00,25.2,23.7,27.5,18,12.7,1008,29
23-04-23 0:00,27.5,24.6,31,18.1,9.6,1008,345
24-04-23 0:00,28,26,32,3.4,12.5,1009.8,432
25-04-23 0:00,28,25,32,4,15.1,1010.2,430
26-04-23 0:00,26.7,25,30.2,5.1,10.4,1010.6,298
27-04-23 0:00,26,24.5,29,1.1,12.1,1009.9,249
28-04-23 0:00,23.9,23,28.4,0,12.4,1011.7,6
29-04-23 0:00,24.6,23,26,7.7,7.1,1010.9,75
30-04-23 0:00,24.6,23.5,26.1,18.6,7.7,1011.1,60
01-05-23 0:00,25.3,23,28,10.1,5.2,1011.9,130
02-05-23 0:00,26.1,23.7,29,5.9,13.4,1012.6,278
03-05-23 0:00,26.4,24,30,0.2,11.4,1014.2,436
04-05-23 0:00,25.9,24.4,29,0.4,11.5,1014.9,431
05-05-23 0:00,26.8,24,31,0.4,14.1,1014.3,347
06-05-23 0:00,27.2,24.6,31,2.9,12.5,1013.6,453
07-05-23 0:00,26.2,25,29,3.7,10.1,1013.4,430
08-05-23 0:00,26.4,25,29.1,1.2,13.8,1013.2,429
09-05-23 0:00,26.3,24.8,30,1.5,13,1012.9,470
10-05-23 0:00,26.6,24,30.6,2.4,12,1012.8,473
11-05-23 0:00,27.2,24,31,0.7,12.3,1013.8,545
12-05-23 0:00,27,24.7,30,2.5,12.4,1014,404
13-05-23 0:00,26.5,24,30,0.9,10.2,1015,320
14-05-23 0:00,27.3,24,31.1,1,12.2,1014.9,550
15-05-23 0:00,27.8,25,31.2,0.7,12.5,1014.2,560
16-05-23 0:00,27.3,24,31,0.8,12.7,1014,569
17-05-23 0:00,27.6,25,31.7,0.9,14,1013.7,486
18-05-23 0:00,27.6,25,31,0.5,14.2,1014,583
19-05-23 0:00,27.3,24,31.1,0.1,11.6,1014.1,595
20-05-23 0:00,27.7,25,31.2,0,12.2,1012.5,603
21-05-23 0:00,26.5,25,30,4.7,13.1,1012.3,334
22-05-23 0:00,26.1,24.5,29.7,3.8,7.6,1013,290
23-05-23 0:00,26.8,24.7,30.6,1.4,12.9,1013.9,406
24-05-23 0:00,26.8,24,30.5,1.2,11.6,1013.9,510
25-05-23 0:00,27,24,31,0.6,12,1013.8,558
26-05-23 0:00,27,24,30.2,0.6,14.4,1014.4,503
27-05-23 0:00,25.3,23,30,10.9,11.5,1014.8,305
28-05-23 0:00,24.3,23,28.7,8.1,8.9,1015,148
29-05-23 0:00,25.2,22,29,6.1,12.5,1015,265
30-05-23 0:00,25.3,23,27.9,3,10.7,1015.1,199
31-05-23 0:00,24.2,23.5,26.5,0,9.1,1015.7,265
01-06-23 0:00,26.3,23.8,29,1.8,12.4,1014.3,325
02-06-23 0:00,26,22.6,29.4,1.5,10.7,1014.7,285
03-06-23 0:00,24.8,23,28.2,1.9,10.1,1015.4,249
04-06-23 0:00,25.7,22,30.2,1.7,10.2,1015.1,380
05-06-23 0:00,24.4,23,28.4,0,8.7,1015.1,273
06-06-23 0:00,25.4,22.7,30,0.9,11,1015.3,498
07-06-23 0:00,25.8,21.8,31,0,16.3,1014.6,626
08-06-23 0:00,25,23,27,11.1,12.6,1015.3,264
09-06-23 0:00,26.1,23,30,2.5,13,1015,454
10-06-23 0:00,26.4,23.8,30.5,0.5,12.7,1014.4,483
11-06-23 0:00,26.4,23.7,30.5,0,12,1014.4,524
12-06-23 0:00,26.1,22,30.2,0,12.4,1013.9,593
13-06-23 0:00,25.9,22.9,29.5,0.1,10,1013.7,478
14-06-23 0:00,25.6,21.6,30,0,8.3,1014.1,552
15-06-23 0:00,25.4,23,29.7,0,10.2,1015,524
16-06-23 0:00,25.5,22,29,0,13.8,1014.6,467
17-06-23 0:00,25.6,23,29.1,0.1,12.2,1015.1,452
18-06-23 0:00,25.7,22,30.3,0,12.4,1015.1,519
19-06-23 0:00,26.4,23,30.6,0.7,14.8,1014.4,468
20-06-23 0:00,25.6,23,29,0.1,10.7,1014,438
21-06-23 0:00,25.7,22.4,29.5,0.1,11.2,1014.1,417
22-06-23 0:00,25.2,23.7,29,0.8,10.4,1014.3,357
23-06-23 0:00,26.1,23.7,29.2,0,14.8,1015.2,331
24-06-23 0:00,25.5,22,30,0.1,15.2,1015,515
25-06-23 0:00,24.5,21.7,28,0.7,16.2,1014.4,352
26-06-23 0:00,24.5,22.6,27.7,0.8,13.2,1014.7,288
27-06-23 0:00,24.4,21.5,28.2,1,10.7,1015,434
28-06-23 0:00,25,21,29,0.1,13.1,1015.6,392
29-06-23 0:00,24.1,22,28.9,0,11.5,1016.6,335
30-06-23 0:00,23.8,22.4,26.4,0.5,9.5,1017,158
01-07-23 0:00,23.8,21.9,28.2,15,8.6,1017.7,117
02-07-23 0:00,24.4,21.8,28.7,10.9,14.4,1018.5,191
03-07-23 0:00,23,21.7,27.1,9.1,11.8,1019,147
04-07-23 0:00,23.3,22,27.1,22.1,9.9,1018.5,347
05-07-23 0:00,24.6,20.8,28.2,5.1,12.9,1016.6,516
06-07-23 0:00,24.9,21.9,29.3,0,14.4,1016.9,370
07-07-23 0:00,24,23,25,0.8,11.9,1018,252
08-07-23 0:00,23.6,21.7,27,3.1,9.8,1017.6,314
09-07-23 0:00,24.2,21.8,27,3.9,8.8,1016.4,399
10-07-23 0:00,24.6,21,29,0,11.5,1015.2,608
11-07-23 0:00,25.4,22,30,0,10.9,1015.3,526
12-07-23 0:00,24.4,22.9,27.4,1.8,13.4,1016.3,311
13-07-23 0:00,23.6,20.8,27.5,0.2,12.7,1016.7,352
14-07-23 0:00,24.9,21.9,29,1.4,19.4,1016.9,386
15-07-23 0:00,25,23,28,2.5,14.4,1017.2,329
16-07-23 0:00,24.6,21,29.4,0,13.2,1017.6,511
17-07-23 0:00,25.2,21.6,29.2,1.6,15.7,1017.9,445
18-07-23 0:00,25.2,22,29,1.3,15,1017.8,405
19-07-23 0:00,25,22.5,28.2,1.8,14.1,1016.6,323
20-07-23 0:00,25,21,30.1,1,13.8,1016.1,598
21-07-23 0:00,26.3,21,30.5,0,18.1,1017.6,491
22-07-23 0:00,25.3,23,28.5,3,13.8,1018.8,268
23-07-23 0:00,25.1,23,28,5.9,13.1,1018.4,240
24-07-23 0:00,25.1,22,28.5,5.8,13.9,1016.6,203
25-07-23 0:00,25.2,22.3,28,2,14.2,1016,454
26-07-23 0:00,25,21.8,28,2.1,14.5,1016.7,442
27-07-23 0:00,24.4,22,28.4,1.8,14,1017.5,306
28-07-23 0:00,25,22,28,2.6,14.9,1017.9,306
29-07-23 0:00,24.7,22,28,0.1,12.3,1016.9,437
30-07-23 0:00,24.6,23,27.7,0.7,10.7,1016.1,400
31-07-23 0:00,24.6,22,28,0,10.5,1015.9,470
01-08-23 0:00,24.5,21.7,28.5,0.5,13.4,1017.2,325
02-08-23 0:00,24.4,22.5,27.5,4.5,12.6,1018.8,207
03-08-23 0:00,24.8,22,27.7,2.5,17.7,1019.4,211
04-08-23 0:00,24.9,21,29,0.3,15.4,1019.4,457
05-08-23 0:00,25.4,23,28.2,3.3,14.5,1019.6,367
06-08-23 0:00,25.1,22,29,4,13.9,1019.9,363
07-08-23 0:00,25.4,22.2,29,0.7,16.3,1018.1,442
08-08-23 0:00,25,22,29,0.5,15,1016.5,439
09-08-23 0:00,24.9,22,29,2.8,13.6,1016.9,292
10-08-23 0:00,25.1,22.6,29,0.4,14.9,1017,353
11-08-23 0:00,25.1,22,28.2,0,15.6,1016.3,372
12-08-23 0:00,24.5,22,28,0.1,12.4,1016,417
13-08-23 0:00,24.8,21,29,0,12,1015.4,527
14-08-23 0:00,25.4,22.2,29,0.5,12.9,1015.8,420
15-08-23 0:00,24.7,23.7,27,2.3,12.9,1015.9,315
16-08-23 0:00,25.3,22.6,29,1.5,13.5,1015.7,448
17-08-23 0:00,25.1,22,29,0.8,14.9,1015.8,462
18-08-23 0:00,25.3,21.7,29,0.4,14,1015.9,529
19-08-23 0:00,24.8,20.9,29.2,1.1,13.6,1015.1,560
20-08-23 0:00,25.3,21.9,30,0,14.2,1013.9,593
21-08-23 0:00,25.7,23.5,28.7,1.5,12.3,1013.3,501
22-08-23 0:00,25.8,23,29.3,0,13,1013.8,591
23-08-23 0:00,25.1,22,29,1.3,12.6,1014.3,438
24-08-23 0:00,25.4,22,29.5,0.1,12.1,1014,541
25-08-23 0:00,25.3,23,28,1.3,14.1,1013.8,376
26-08-23 0:00,25.2,22,29,0,12.9,1014.3,549
27-08-23 0:00,25.9,21.9,30.6,0.1,14.9,1015.7,538
28-08-23 0:00,26,23,29,2.3,17.8,1017.9,399
29-08-23 0:00,25,22.7,28,2.1,18.7,1017,356
30-08-23 0:00,25.3,22.8,29.2,2,17.6,1016.9,350
31-08-23 0:00,25.4,22.5,29.6,0.5,14.6,1016.5,416
01-09-23 0:00,25.4,22.8,28.7,0,14.3,1016.3,379
02-09-23 0:00,25.5,21.6,29.1,0.7,13.6,1015.7,530
03-09-23 0:00,25.4,22.6,29,0.7,16.1,1015,491
04-09-23 0:00,25.5,23,29.2,1,16.1,1014.3,441
05-09-23 0:00,25.4,22,30,0,13.9,1013.7,590
06-09-23 0:00,25.9,23,29.1,0.7,13.6,1014,590
07-09-23 0:00,26.1,22.9,30,0.7,14.6,1013.8,552
08-09-23 0:00,26,22.7,30,0.2,13.1,1014.6,564
09-09-23 0:00,26,23,29,0.3,13.9,1014.7,552
10-09-23 0:00,26.2,22,30.5,1.8,15.7,1014.4,537
11-09-23 0:00,26.2,23,30,2.2,13.6,1014.2,509
12-09-23 0:00,26,22.7,30,1.1,10.9,1014,483
13-09-23 0:00,26.7,25,30,1.4,18.1,1014.8,502
14-09-23 0:00,26.4,23,30.6,4,18.3,1014.2,531
15-09-23 0:00,26.3,23,30,0.6,18.3,1014.6,
16-09-23 0:00,26,23,29.4,1,15.5,1014.4,
17-09-23 0:00,26.1,22.5,30.5,0.2,13.1,1013.1,
18-09-23 0:00,26.4,22.8,30.5,0.8,14.3,1012.7,
19-09-23 0:00,26.4,23,30,1.5,16.2,1013.8,
20-09-23 0:00,26.3,23,30.5,0,15.4,1014,
21-09-23 0:00,26.7,23,31,1.2,13.4,1013.6,
22-09-23 0:00,27,23.6,31.1,2,14.9,1013.5,
23-09-23 0:00,26.8,24,30.6,1.5,15.8,1014.2,
24-09-23 0:00,26.3,24,30,3.3,15.2,1015.1,
25-09-23 0:00,26.2,22.6,30.4,0,14.8,1014,
26-09-23 0:00,26.4,23.4,30.2,0.5,14.1,1013.2,
27-09-23 0:00,26.3,23,30,2.1,13.4,1013.2,
28-09-23 0:00,27.3,25,31,0.9,14.2,1014.2,
29-09-23 0:00,25.3,22.9,28,11.2,10.5,1014.9,
30-09-23 0:00,26.5,23.6,30,2.1,15.6,1015.2,
01-10-23 0:00,26.6,23.5,30,6.1,12.6,1014.6,
02-10-23 0:00,26.8,22.5,31.1,0,13.4,1014.6,
03-10-23 0:00,26.1,23,30.9,0.8,16.7,1014.4,
04-10-23 0:00,24.9,22,28,7.2,10.6,1015.4,
05-10-23 0:00,26.8,23,30.5,0.8,14,1015.1,
06-10-23 0:00,25.5,23.7,29,5.8,11,1014,
07-10-23 0:00,25.9,22.5,30.1,9.9,13.1,1013.6,
08-10-23 0:00,26,23,29.4,0.6,12.1,1013.3,
09-10-23 0:00,26.6,24,29,0.3,13.7,1013.6,
10-10-23 0:00,26.7,23.4,30.4,0.4,13.8,1013.7,
11-10-23 0:00,26.8,23.7,30.5,0.2,14.3,1013.4,
12-10-23 0:00,27,24,31,0.2,11.8,1013.3,
13-10-23 0:00,27,23.4,31,0.1,10,1012.5,
14-10-23 0:00,27.6,24.4,31.5,1.1,9.9,1011.1,
15-10-23 0:00,27.9,25.8,31.4,3,11.1,1011,
16-10-23 0:00,27.6,24.9,30.3,4.1,9.2,1011.1,
17-10-23 0:00,26.9,24.7,30.3,0,9.4,1012.1,
18-10-23 0:00,27.5,25.6,30.6,2.6,10.3,1013,
19-10-23 0:00,27.7,25.3,31,6.1,13.6,1013.7,
20-10-23 0:00,25.9,24.5,29,6.4,9.2,1013.6,
21-10-23 0:00,27,23.7,30.2,0.4,12,1013.6,
22-10-23 0:00,27.4,24.5,31,1.4,10,1012.7,
23-10-23 0:00,27.4,24,31.1,1.8,11.2,1011.3,
24-10-23 0:00,27.9,25.4,31,9.1,11.3,1009.9,
25-10-23 0:00,27.9,25,31.2,0.8,10,1010.9,
26-10-23 0:00,28,25.7,31,1.3,10.6,1011.7,
27-10-23 0:00,28.1,24.9,31.4,0,10.4,1011.1,
28-10-23 0:00,28.2,25.4,32,0,12.6,1011.1,
29-10-23 0:00,28.2,25,32,1.8,12.5,1010.9,
30-10-23 0:00,26.9,25,30.9,33,8.6,1010.9,
31-10-23 0:00,26.4,24,30,11.3,11,1010.7,
01-11-23 0:00,27.6,23.4,32.1,3,10.9,1010.4,
02-11-23 0:00,27.2,25,31.1,14,9.3,1010.7,
03-11-23 0:00,24,22,26.6,38.7,9.2,1011.7,
04-11-23 0:00,25.4,22.6,29.2,32.5,9.9,1011.5,
05-11-23 0:00,25.6,24,29,10,10.2,1011.8,
06-11-23 0:00,26.8,23.7,30,20.2,10.3,1012.4,
07-11-23 0:00,26.3,24.7,29,2.2,10.6,1012.2,
08-11-23 0:00,26.8,24,30,0.8,8.8,1011.6,
09-11-23 0:00,27.3,24.7,31,9.7,8.2,1011.1,
10-11-23 0:00,27.1,25,30,3.5,8.2,1011.5,
11-11-23 0:00,26.6,25,29.5,3.9,7.3,1012.5,
12-11-23 0:00,27.3,24,31,10.8,6.8,1012.4,
13-11-23 0:00,27.8,24.7,31,1.4,7.8,1012.5,
14-11-23 0:00,28.1,24.7,32,4.7,8.5,1011.6,
15-11-23 0:00,25.6,24,28.2,11.9,7.3,1011.8,
16-11-23 0:00,25.2,23,30,16.9,8.9,1012.7,
17-11-23 0:00,24.4,24,25,14.5,7.1,1012.3,
18-11-23 0:00,26.7,23.2,31,10.4,7.4,1012.1,
19-11-23 0:00,27.4,24,32,1.8,7.4,1011.3,
20-11-23 0:00,27.9,24.8,31.5,3.2,7.3,1010.9,
21-11-23 0:00,27.9,25.4,32,10.2,7.1,1010.3,
22-11-23 0:00,26.5,24.7,29.2,17.5,7.7,1010.9,
23-11-23 0:00,27.3,24.6,31.6,0,9.3,1011.1,
24-11-23 0:00,26.8,24.5,30,16.9,8.7,1009.4,
25-11-23 0:00,25.7,23.5,29,70.7,12.6,1009.8,
26-11-23 0:00,27.6,24.7,31.5,9.6,8.8,1011.3,
27-11-23 0:00,27.1,24,30.5,10.9,8.5,1011.2,
28-11-23 0:00,28.2,24.5,33,14,7.9,1009.6,
29-11-23 0:00,28.4,25.5,32,4.8,9.4,1009.2,
30-11-23 0:00,27.9,24.7,33,10.7,13.1,1010.3,
01-12-23 0:00,28.1,24.2,34,1.2,11.3,1010.6,
02-12-23 0:00,28.3,24.7,33,27.8,9,1010,
03-12-23 0:00,28.6,25.7,33,13.5,11.7,1010.2,
04-12-23 0:00,28.7,25.7,33,10.6,9.8,1010.7,
05-12-23 0:00,27.5,25,32,13.2,8.3,1011.2,
06-12-23 0:00,28.3,24,34,0.9,8.8,1011.2,
07-12-23 0:00,27.8,25.5,32.1,10.2,8.4,1010.9,
08-12-23 0:00,27.2,25.1,31.8,16.2,6.3,1010.6,
09-12-23 0:00,27.1,24,31,4,7,1010.2,
10-12-23 0:00,27.8,25,32,2,7.8,1010.6,
11-12-23 0:00,26.9,24,32,8.7,4.4,1011.7,
12-12-23 0:00,27.7,24,32,4.3,7.4,1010.7,
13-12-23 0:00,27.4,25.7,31.5,3.2,4.4,1010,
14-12-23 0:00,28,24.6,32,3.6,6.4,1010.3,
15-12-23 0:00,28.1,25.7,32,3.7,6.9,1011.4,
16-12-23 0:00,28.2,25,32,1.8,7.5,1010.6,
17-12-23 0:00,27.5,25,32,3,8,1010,
18-12-23 0:00,26.5,24,30,3.3,8.6,1009.9,
19-12-23 0:00,27.8,24.4,33.1,14,11.1,1009.4,
20-12-23 0:00,28.6,25.2,34,0.2,11.7,1010,
21-12-23 0:00,28.3,26.3,32.2,1.6,11.1,1010.6,
22-12-23 0:00,27.4,26,30.7,9.6,7.3,1012.3,
23-12-23 0:00,28.2,25,34,13.2,8.5,1012.4,
24-12-23 0:00,28.8,25.7,33,2.7,8.3,1011.8,
25-12-23 0:00,28.6,25.5,33,1.4,10.2,1010.7,
26-12-23 0:00,28.7,26,33,0.8,13.8,1010.1,
27-12-23 0:00,28.4,25.6,32.1,1.8,10.5,1010.7,
28-12-23 0:00,28.9,26,33,3.4,11,1011.4,
29-12-23 0:00,29,25,34,9.4,10.3,1010.6,
30-12-23 0:00,29.1,26,34,1,10.6,1009.8,
31-12-23 0:00,28.3,25,34.1,1.5,8.2,1010.2,
01-01-24 0:00,29.1,26,34,1.9,10.6,1010.5,
02-01-24 0:00,29.2,26,34,0.2,11.1,1010.4,
03-01-24 0:00,29.1,26,34,1,11.9,1010,
04-01-24 0:00,28.7,25.7,34.4,4.4,10.1,1010.9,
05-01-24 0:00,28,25.9,33.2,3.4,8.1,1011.6,
06-01-24 0:00,28.4,25.6,33,12.4,10,1011.1,
07-01-24 0:00,28.2,26,33,12.4,7,1010.8,
08-01-24 0:00,28.5,25,33.5,1,13.1,1010.3,
09-01-24 0:00,28.7,25.5,33,0.8,14.5,1010,
10-01-24 0:00,28.3,25,33.7,0.6,12.6,1009.8,
11-01-24 0:00,28.3,25.6,33,0,11.5,1009.4,
12-01-24 0:00,27.6,26,30,4.9,10.7,1009.6,
13-01-24 0:00,28.4,25,32.5,0.5,9.1,1009.1,
14-01-24 0:00,28.7,26,34,2.7,11.3,1009.4,
15-01-24 0:00,28.8,25,34.3,0,12.5,1010.2,
16-01-24 0:00,28.9,26,33,3.2,12,1010.6,
17-01-24 0:00,28.7,25.7,33.7,1.7,9.2,1010.4,
18-01-24 0:00,28.8,25,35,0.2,9.2,1009.9,
19-01-24 0:00,29.3,25.1,36,0,14.4,1008.2,
20-01-24 0:00,27.8,24.9,32,2.6,9.1,1008.8,
21-01-24 0:00,27.9,24.3,31.9,0,11,1010.3,
22-01-24 0:00,28.2,25,34.2,0,11.8,1011.8,
23-01-24 0:00,28.4,24,34,0,11,1011.8,
24-01-24 0:00,28.5,24.7,33.6,0,10.9,1011.8,
25-01-24 0:00,29.1,25.2,34,4.5,10.8,1011.9,
26-01-24 0:00,29,26,33,3.4,10.3,1012.1,
27-01-24 0:00,28.9,25.4,33,2.2,11.1,1011.9,
28-01-24 0:00,28.9,25.5,33,1.9,12.7,1011.5,
29-01-24 0:00,29,25,34.6,0,13.7,1011.5,
30-01-24 0:00,28.7,26,33.3,3.2,10.5,1011.8,
31-01-24 0:00,28.8,25.4,33.5,5,12.3,1012.2,
01-02-24 0:00,28.8,25.7,33,1.2,10.8,1013.2,
02-02-24 0:00,28.4,24.8,33,0.7,10.5,1011.8,
03-02-24 0:00,28.5,24.7,33,0.4,10.1,1010.6,
04-02-24 0:00,28.6,25,33.2,0.4,12.1,1011.9,
05-02-24 0:00,29.2,25.7,34,1.6,13.2,1012.3,
06-02-24 0:00,29.2,26,33,0.7,13.2,1012.5,
07-02-24 0:00,29.7,26.9,34.2,1,13.4,1012.8,
08-02-24 0:00,29.5,26,36,1.3,13.6,1011.9,
09-02-24 0:00,29.4,25.8,34.2,0.5,16,1010.6,
10-02-24 0:00,29.1,25,32.7,0.9,15.8,1011.7,
11-02-24 0:00,28.8,26,33.1,2.2,12.6,1013,
12-02-24 0:00,30,26.2,35.8,0,13.1,1011.8,
13-02-24 0:00,29.5,26,34,2.8,13.1,1011,
14-02-24 0:00,29.1,26,35.3,0.1,14.2,1009.9,
15-02-24 0:00,29.4,25.7,34,0.7,14.1,1010.8,
16-02-24 0:00,29.4,26,34.6,3,13.6,1011.6,
17-02-24 0:00,29.9,27,35,0.7,14.3,1010.5,
18-02-24 0:00,30.1,26.6,36.3,0.2,15.5,1009,
19-02-24 0:00,30,26.7,35.6,1.4,11.1,1009.5,
20-02-24 0:00,29.8,26.8,34.2,4.5,12.2,1009.6,
21-02-24 0:00,29.5,26,34.8,1,14.1,1008.6,
22-02-24 0:00,29.8,26,34,0.4,19.5,1008.7,
23-02-24 0:00,29.7,26,34,0.5,17.2,1010,
24-02-24 0:00,28.6,26,31.6,9.1,6.9,1011.3,
25-02-24 0:00,29,25.6,34,0.6,8.7,1010.3,
26-02-24 0:00,29,26.4,34,2.1,6.5,1008.3,
27-02-24 0:00,29.6,26,34,1.5,11.8,1008.6,
28-02-24 0:00,30,25.7,36,20.7,9.6,1009.1,
29-02-24 0:00,30.2,27.8,34.4,12.4,10.1,1009,
01-03-24 0:00,29.8,25.9,34.8,2.7,9.5,1009.5,
02-03-24 0:00,30.2,27,34,3.8,10.9,1010.2,
03-03-24 0:00,30.2,26,35,1.2,10.8,1009.7,
04-03-24 0:00,30.5,27.7,34.3,2.7,13.3,1009.2,
05-03-24 0:00,30.7,27.7,35,3.1,14.8,1011.1,
06-03-24 0:00,30.4,26.4,35,0.1,9.3,1012.5,
07-03-24 0:00,29.9,26,34.6,2.6,8.9,1012.3,
08-03-24 0:00,29.8,25.6,34.3,0,12.9,1011.7,
09-03-24 0:00,30,26.6,34.1,2.6,10.4,1011.1,
10-03-24 0:00,30.1,26.4,34,1.9,10.7,1011.6,
11-03-24 0:00,30.1,26,34,1.4,12,1013.5,
12-03-24 0:00,30.3,27.5,34,0,11.1,1013.8,
13-03-24 0:00,30.6,27.7,34.5,0.6,13.5,1013.5,
14-03-24 0:00,30.2,27,34,3.7,10.5,1012.1,
15-03-24 0:00,30.3,26,34,2.4,10.3,1012.4,
16-03-24 0:00,30.3,26,34,0.9,11.2,1011.7,
17-03-24 0:00,29.9,27,33,2.9,15.2,1010.8,
18-03-24 0:00,29.2,26,33.4,7.4,14.4,1010.3,
19-03-24 0:00,29.6,25,34,0.5,14.3,1009.6,
20-03-24 0:00,29.4,26,33.4,2,14.5,1009.5,
21-03-24 0:00,28.8,26.4,32,9.1,11.1,1009.5,
22-03-24 0:00,29.8,26.7,34,2.3,14.4,1007.5,
23-03-24 0:00,29.4,26.5,33,10.1,15.2,1007,
24-03-24 0:00,28,25.8,31.2,13.2,11.7,1009.6,
25-03-24 0:00,29.1,25,33.5,1,15.4,1011.1,
26-03-24 0:00,29.8,26.8,34,1.6,12.8,1011,
27-03-24 0:00,29.9,26.8,33.1,5.3,10.9,1011.2,
28-03-24 0:00,29.9,26,34,3.9,8.8,1011.4,
29-03-24 0:00,29.5,27,33,4.2,9,1010.6,
30-03-24 0:00,30.3,27,34,6.1,10.2,1010.2,
31-03-24 0:00,28.6,26,33,3,9.4,1011.9,
01-04-24 0:00,28.6,25,34,5.2,10.9,1011.4,
02-04-24 0:00,27.2,26,29,7.1,9.8,1010.5,
03-04-24 0:00,28,24.7,32,14.8,12.3,1009.7,
04-04-24 0:00,26.5,25,28.5,2,6.6,1010.4,
05-04-24 0:00,28.7,24.5,33,9.9,12.7,1010.5,
06-04-24 0:00,28.8,26,33,23.8,13.9,1010.1,
07-04-24 0:00,28.8,24.8,33.3,7.1,13.6,1009.5,
08-04-24 0:00,28.7,26.2,33.1,0,16.2,1009.3,
09-04-24 0:00,28.8,26,33.1,7.1,12.6,1009.3,
10-04-24 0:00,29.4,26,33,1.7,14.2,1009.2,
11-04-24 0:00,29.7,26,34,6,10.8,1009.3,
12-04-24 0:00,29.2,25.6,34.5,6.1,15.7,1009.7,
13-04-24 0:00,28.4,26,32.3,5,14.2,1009.6,
14-04-24 0:00,28.7,26,33,0,21.2,1010.8,
15-04-24 0:00,25.9,25,28,11,14.7,1012.7,
16-04-24 0:00,27.2,24.4,31.7,0,14.8,1011.8,
17-04-24 0:00,26.8,24.3,31.4,0.3,15.8,1011.3,
18-04-24 0:00,25.7,24,30.7,6.1,14.1,1012,
19-04-24 0:00,26.5,24,30,26.1,15.1,1011,
20-04-24 0:00,28.3,24.9,32.3,0,16.2,1009.4,
21-04-24 0:00,26.8,24,31,4.2,15.2,1010.2,
22-04-24 0:00,27.6,25,32.3,7.1,14.1,1010.3,
23-04-24 0:00,27.1,25,30.1,32.8,15,1009.8,
24-04-24 0:00,26.8,24.8,30.4,46.9,9.9,1009.3,
25-04-24 0:00,25.9,25,28.7,13.3,13.1,1009.2,
26-04-24 0:00,26.8,23.6,31,15.4,13.2,1010.2,
27-04-24 0:00,27.9,24.5,31.4,0,20.5,1009.7,
28-04-24 0:00,28.4,25.6,32,0,18.8,1010.3,
29-04-24 0:00,28.3,24.7,32.6,0,17.7,1010.4,
30-04-24 0:00,28.4,25,33,0,18.8,1009,
01-05-24 0:00,28.7,26,33,0,18.8,1007.8,
02-05-24 0:00,29.3,26,34,0,18.4,1007.6,
03-05-24 0:00,29.3,26.7,33,0,21.9,1008.9,
04-05-24 0:00,28,26,32.3,0,21.6,1010.8,
05-05-24 0:00,27.6,24.4,31,0,19.3,1011.3,
06-05-24 0:00,27.5,25,31.4,0.9,16.6,1011.9,
07-05-24 0:00,25.1,23.9,27,14.4,12.1,1013.3,
08-05-24 0:00,25.5,23.6,28,7.2,12.2,1012.6,
09-05-24 0:00,25.9,23.7,30,5.8,14.2,1011.6,
10-05-24 0:00,26.2,23.4,30.2,15,11.5,1012.3,
11-05-24 0:00,27.4,24,31.5,0,14.3,1012.7,
12-05-24 0:00,27.4,24,31.2,0,13.3,1012.4,
13-05-24 0:00,27.8,24.1,32.1,0,13.1,1011.8,
14-05-24 0:00,28.1,25,32,0.2,16.1,1011.7,
15-05-24 0:00,28.1,25,32,0,18,1012.3,
16-05-24 0:00,27.7,24.7,31.1,0.1,15.2,1012.9,
17-05-24 0:00,27.6,24,32,0,12.5,1012.1,
18-05-24 0:00,28.1,25,32,0,17.1,1011.5,
19-05-24 0:00,28.3,25,32.7,0.5,19.7,1011,
20-05-24 0:00,28.4,24.8,32.3,0,21.8,1011.5,
21-05-24 0:00,27,25,30,0.2,20.9,1012.9,
22-05-24 0:00,25.3,23.5,29,1.8,17,1014.3,
23-05-24 0:00,25.3,23.6,28.4,3,11.3,1013.6,
24-05-24 0:00,27,24,31,0.4,16.8,1013.3,
25-05-24 0:00,27.1,23.7,31,0,17.1,1013.6,
26-05-24 0:00,26.8,23,31,0.2,14.4,1014.4,
27-05-24 0:00,27,23,31,0,16.8,1015.1,
28-05-24 0:00,27,23.7,31,0.2,20.2,1015.8,
29-05-24 0:00,26.5,21.8,31.1,0,17.6,1014.8,
30-05-24 0:00,26.1,22,31,0,15.3,1014.2,
31-05-24 0:00,26.6,23,31.2,0.1,13.7,1014.1,
01-06-24 0:00,27.4,24,31.6,0.2,14,1014.1,
02-06-24 0:00,27.4,24,31.3,0,11.7,1013.4,
03-06-24 0:00,27.6,23.9,32.2,0,11.3,1013.1,
04-06-24 0:00,27.4,24.7,31,0.4,13.9,1013.2,
05-06-24 0:00,27.3,23.5,31.2,0,13.7,1013,
06-06-24 0:00,27.4,24,31,1.8,15,1014.5,
07-06-24 0:00,27.1,23.5,31.2,0.1,14.1,1015.2,
08-06-24 0:00,27.2,23,31.1,0,15,1014.9,
09-06-24 0:00,26.6,24,29.6,1.1,15.5,1015.5,
10-06-24 0:00,26.4,23,30.2,0.3,19,1016.2,
11-06-24 0:00,26.3,24,35,2,21,1016.5,
12-06-24 0:00,26.4,22,30.6,0,20.2,1016,
13-06-24 0:00,26.4,22.5,31.2,0,17.6,1015.5,
14-06-24 0:00,25.9,22,30.2,0.1,15.4,1014.6,
15-06-24 0:00,25.7,21.5,30.5,0,14.1,1013.5,
16-06-24 0:00,26.7,22.3,31.1,0,18.3,1012.9,
17-06-24 0:00,26.9,22.7,31.5,0,17.6,1014.6,
18-06-24 0:00,25.9,24.6,30.5,1.2,14.4,1014.3,
19-06-24 0:00,23.9,23,25,32.8,10.8,1014.5,
20-06-24 0:00,24.6,22,29,9.9,11.4,1016.4,
21-06-24 0:00,25,22.9,28.9,2.7,13.3,1016.7,
22-06-24 0:00,25.3,21,30,0.6,14.8,1015.7,
23-06-24 0:00,25.7,22.6,29,0,16.6,1015.5,
24-06-24 0:00,26.1,23,30.2,0.2,16.1,1015.9,
25-06-24 0:00,24.5,22,29,1.5,13.4,1015.6,
26-06-24 0:00,24.3,21.7,27,0,15.6,1014.8,
27-06-24 0:00,25.6,21.6,30,2,16.7,1016,
28-06-24 0:00,25.7,23,29,0.7,15.2,1015.8,
29-06-24 0:00,25.6,23,29.7,1.2,13.8,1015,
30-06-24 0:00,25.5,22,30,1.6,13.6,1015.5,
01-07-24 0:00,25.9,22,30.5,1.1,14.2,1016.1,
02-07-24 0:00,25.9,23,29,0,14.4,1015.3,
03-07-24 0:00,25.4,22,29.7,0.6,13.2,1014.9,
04-07-24 0:00,25.1,21.7,30,0,12.4,1014.8,
05-07-24 0:00,25.4,21.2,30,0.3,11.7,1013.8,
06-07-24 0:00,26.1,23,29,1.3,14.4,1013.1,
07-07-24 0:00,25.6,22.6,30,0.1,12.1,1013,
08-07-24 0:00,25.5,22,30.2,0,13.2,1012.7,
09-07-24 0:00,25.7,22,30,0,13,1013.8,
10-07-24 0:00,25.5,22,29,0.7,15.2,1014.8,
11-07-24 0:00,26.8,23,31.5,2.3,15.6,1015.5,
12-07-24 0:00,23.4,22,25.6,15.7,13.6,1016.3,
13-07-24 0:00,25,21,30,0.1,14.2,1016.7,
14-07-24 0:00,25.3,21,30.2,0,14.8,1016,
15-07-24 0:00,26.2,23.5,29.5,2.7,15.5,1015.4,
16-07-24 0:00,25.2,21.7,29.2,0,13.9,1015.3,
17-07-24 0:00,24.8,22,28,0.2,12.2,1016.1,
18-07-24 0:00,24.9,21,29.1,1.6,13.4,1016.5,
19-07-24 0:00,25.1,22,29.3,0,12.4,1015.5,
20-07-24 0:00,25.3,22,29.6,0,13.5,1014.7,
21-07-24 0:00,25.4,22.7,29,1.8,14.8,1015.5,
22-07-24 0:00,25.4,21.8,30,0,15,1017.1,
23-07-24 0:00,25.2,20.9,29,0.6,10.5,1018.1,
24-07-24 0:00,25.9,23,29.7,0,14.7,1016.8,
25-07-24 0:00,24.8,23.7,27.4,0.4,11.4,1014.7,
26-07-24 0:00,25.2,21,29,0,11.1,1014.3,
27-07-24 0:00,25.1,22,29,0.2,13.1,1015.4,
28-07-24 0:00,25.1,21,29.2,0.2,13,1015,
29-07-24 0:00,24.9,21.7,29,0,13.3,1013.5,
30-07-24 0:00,25.9,22.7,30,0.3,13.4,1013.9,
31-07-24 0:00,25.5,22,29.1,0,13.8,1015.6,
01-08-24 0:00,24.2,22,27,2.5,13.6,1017.2,
02-08-24 0:00,25.3,21.7,29,1.4,15.2,1016.7,
03-08-24 0:00,25.9,23,29,1.9,17.9,1016.4,
04-08-24 0:00,25.1,21,29,0,14.4,1015.8,
05-08-24 0:00,24.7,20,29.2,0.4,14.1,1014.7,
06-08-24 0:00,24.8,20,30.8,0.1,13.1,1014.1,
07-08-24 0:00,24.4,22.2,26.4,3.5,11.7,1014.2,
08-08-24 0:00,25.8,24,28,2.8,17.2,1015,
09-08-24 0:00,25.2,21.3,29,0,13.7,1016,
10-08-24 0:00,25.6,22.3,29.4,2,12.6,1016.3,
11-08-24 0:00,24.5,23,28,1.4,10.9,1015,
12-08-24 0:00,25.4,22,29,0,13.5,1014.2,
13-08-24 0:00,25.2,21.9,29.8,0.8,13.4,1014.9,
14-08-24 0:00,25.8,22.6,29.4,0.7,12.2,1014.4,
15-08-24 0:00,25.3,21,29,0.5,11.6,1015.4,
16-08-24 0:00,25.7,20.9,31.4,0,13.6,1015.6,
17-08-24 0:00,25.7,21.6,30,1.1,15.4,1014.8,
18-08-24 0:00,26.4,23,31,0.4,17.7,1015.6,
19-08-24 0:00,25.9,22.6,30.7,0,16.5,1015.9,
20-08-24 0:00,25.6,22,30,0.1,18.1,1015.7,
21-08-24 0:00,25.9,23,29.5,1.6,18.7,1014.7,
22-08-24 0:00,25.8,22.5,29.9,0,16.4,1014.8,
23-08-24 0:00,25.8,22.8,30,0.6,17.3,1015.5,
24-08-24 0:00,25.9,21.6,30.5,0,17.2,1016.2,
25-08-24 0:00,26.4,24,30.2,0.2,17.9,1016.8,
26-08-24 0:00,25.7,23,30,1.4,14.3,1016.4,
27-08-24 0:00,25.7,23,29,,12.9,1016.4,
28-08-24 0:00,26.1,23.6,29,,16,1016.7,
29-08-24 0:00,25.8,23,29.1,,15.6,1016.4,
30-08-24 0:00,25.5,22,29,,14.6,1016.7,
31-08-24 0:00,24.7,22.7,28,,15.4,1016.9,
01-09-24 0:00,25.3,21.7,29,,15.6,1017.3,
02-09-24 0:00,24.6,22,29.6,,12.7,1017.6,
03-09-24 0:00,24.9,22,28.1,,14.5,1017,
04-09-24 0:00,26.1,23,30,,17.6,1016,
05-09-24 0:00,24.6,23,29,9.3,13.1,1015.7,
06-09-24 0:00,25.5,22,30,1,13.8,1016.4,
07-09-24 0:00,26.2,23,30,3.6,15.1,1016.8,
08-09-24 0:00,26.2,23,30,0.7,14.2,1015.8,
09-09-24 0:00,25.5,23,29.6,1.4,13.4,1015.3,
10-09-24 0:00,25.7,23,29,3.8,14.8,1014.9,
11-09-24 0:00,24.8,21.8,28,1.8,13.4,1014.7,
12-09-24 0:00,25.4,22,28.7,1.3,13.4,1015.4,
13-09-24 0:00,25.5,22.5,29,2.8,13.1,1015.5,
14-09-24 0:00,25.4,21.9,30,1.5,13.1,1015.9,
15-09-24 0:00,24.9,20.8,30,1.4,14.7,1015.4,
16-09-24 0:00,26,22.7,30,0.3,13.2,1015.5,
17-09-24 0:00,25.8,23,29,0.9,15.6,1015.8,
18-09-24 0:00,25.9,23,29.3,0.2,12.4,1014.3,
19-09-24 0:00,25.6,21.7,29.6,0.1,11.8,1012.1,
20-09-24 0:00,26,21.7,30.2,0,12.2,1012.7,
21-09-24 0:00,26.2,23.8,30,0.9,14.3,1013.7,
22-09-24 0:00,26.1,22.7,30.2,0.5,15.2,1014.2,
23-09-24 0:00,26.3,22.9,30.8,0,14.6,1014.9,
24-09-24 0:00,26.2,22.3,30,1.2,13.4,1014.7,
25-09-24 0:00,26.7,22.7,38,0.3,15.6,1014.8,
26-09-24 0:00,26.2,22.9,30,0,14.4,1013.8,
27-09-24 0:00,26.2,23,30,0.8,13.9,1012.9,
28-09-24 0:00,26.2,22,30,0,14,1012.4,
29-09-24 0:00,26.5,23.9,30,0.2,12.8,1012,
30-09-24 0:00,26,23,30,0,10.2,1011.8,
01-10-24 0:00,26.6,22.4,31.3,0,10.4,1011,
02-10-24 0:00,27.4,25.5,31,2.4,14.7,1012.7,
03-10-24 0:00,27.1,25,31.8,1.1,16.5,1014.4,
04-10-24 0:00,26.4,23,31,8,15.3,1014.7,
05-10-24 0:00,26.2,23,31.2,2,18.6,1015.1,
06-10-24 0:00,25.8,22.6,31,1.4,14.6,1014.1,
07-10-24 0:00,26.9,23.6,30.8,1,12.6,1014.2,
08-10-24 0:00,26.7,23,31.3,0,11.3,1015.1,
09-10-24 0:00,26.9,23.5,31,1.4,13.3,1015.8,
10-10-24 0:00,26.7,23.6,31,1.7,14.7,1015.3,
11-10-24 0:00,27.1,23,31,1,15.9,1015.2,
12-10-24 0:00,25.6,24,30.5,15.9,14.3,1015.7,
13-10-24 0:00,26.4,23.7,31.4,10.9,12.4,1015.3,
14-10-24 0:00,26.3,23,30,0.6,11.9,1013.7,
15-10-24 0:00,26.6,23.1,30.2,0.1,11.2,1012.7,
16-10-24 0:00,26.3,22.3,30.5,0,11.9,1012.9,
17-10-24 0:00,26.8,23.4,31,0.1,14.9,1013.3,
18-10-24 0:00,27.3,24,31,0.1,16.3,1012,
19-10-24 0:00,27.6,26,31,2.3,12.7,1012.2,
20-10-24 0:00,27.5,24,31.9,0,11.7,1012.8,
21-10-24 0:00,27.6,24.6,31.5,0.9,17.4,1013.3,
22-10-24 0:00,27.6,23.7,32.1,1.1,15.3,1013.5,
23-10-24 0:00,27.6,24.6,31,0.6,12.9,1013.7,
24-10-24 0:00,27,23.7,31,0.6,12.3,1013.1,
25-10-24 0:00,27.6,23.4,32.4,0.3,12.8,1012,
26-10-24 0:00,27.7,25.4,31.6,1,11.9,1011.2,
27-10-24 0:00,27.9,25.8,31.5,1.4,10.9,1011,
28-10-24 0:00,27.5,23.8,32,0,9,1011.2,
29-10-24 0:00,27.8,24,32,0.3,9.6,1011.6,
30-10-24 0:00,27.8,23.7,31.6,0,9.7,1011,
31-10-24 0:00,28.4,25,34,0.8,11.6,1010.3,
01-11-24 0:00,28.6,26,32.7,0,14,1012.2,
02-11-24 0:00,27.9,25.4,32,1.5,14.5,1012.9,
03-11-24 0:00,27.5,24,31.2,1.2,12.1,1012.7,
04-11-24 0:00,27.6,24,32.1,0.2,11.8,1011.1,
05-11-24 0:00,28.1,24.2,32.3,0.1,10.7,1010,
06-11-24 0:00,28.3,25.3,32.6,1.6,10.4,1011.2,
07-11-24 0:00,28.6,25,32.2,4.1,10.4,1012.4,
08-11-24 0:00,28.7,25.2,32,1.5,13.9,1012.4,
09-11-24 0:00,28.1,25,32,1.5,13.7,1011.2,
10-11-24 0:00,28.1,25.5,31.2,8.9,13.5,1011.1,
11-11-24 0:00,28.6,26,32,0.5,11.1,1011.6,
12-11-24 0:00,28.3,25.4,31.5,2.8,12.4,1011.3,
13-11-24 0:00,28.7,26,32,4.1,12.2,1010.4,
14-11-24 0:00,28.7,25.5,32,2.9,12.7,1009.4,
15-11-24 0:00,28.6,27,31.2,4.8,12.6,1009.9,
16-11-24 0:00,27.7,24.9,32.3,1.1,9.1,1010.5,
17-11-24 0:00,28.4,24.4,33.1,0.7,11.3,1010.2,
18-11-24 0:00,29,25.8,33,1.1,12.7,1010.1,
19-11-24 0:00,28.9,26,33,2.7,12.1,1010.4,
20-11-24 0:00,28.9,25,33,6.9,9.5,1010.4,
21-11-24 0:00,27.9,25,31,4.7,8.1,1010.5,
22-11-24 0:00,27.3,25.2,31,11.4,6.9,1010.5,
23-11-24 0:00,28.2,25,32.4,8,8.9,1010.9,
24-11-24 0:00,27.9,25.3,32.2,0.3,7.8,1011,
25-11-24 0:00,28.6,25.8,32.5,3,9.4,1010.2,
26-11-24 0:00,28.5,25,32.2,2.9,9.4,1010.1,
27-11-24 0:00,28.6,24.6,32,0.1,10.5,1010.4,
28-11-24 0:00,28.9,25.5,33,5.9,9.5,1010.7,
29-11-24 0:00,29.7,26.3,34.1,0,11.9,1010.5,
30-11-24 0:00,29.5,23,35,4.8,14.4,1010.6,
01-12-24 0:00,27.4,23,33,33,10,1010.7,
02-12-24 0:00,27.4,24.8,32,9.7,8.3,1010.1,
03-12-24 0:00,26.9,24,32,4.4,9.3,1010.1,
04-12-24 0:00,28.2,25.1,32.5,4.6,12.2,1009.9,
05-12-24 0:00,28.3,25.7,31.6,4.2,10.7,1010.4,
06-12-24 0:00,28.3,25.5,32,18.9,12.6,1010.3,
07-12-24 0:00,28.4,25.3,32,4.5,11.1,1011.2,
08-12-24 0:00,27.6,24.4,31.3,5,9,1012.3,
09-12-24 0:00,26.8,25.2,29.4,13.7,6.6,1012.2,
10-12-24 0:00,26.7,24.9,32,,5.9,1011.8,
11-12-24 0:00,27,24,31,,6.7,1011.2,
12-12-24 0:00,26.7,24.9,31,,8.2,1010.9,
13-12-24 0:00,28.1,24.3,33.4,3,10.6,1010.1,
14-12-24 0:00,28.7,25.3,33.1,3.9,11.2,1009.4,
15-12-24 0:00,28.6,26,32,6.3,14.2,1010.4,
16-12-24 0:00,27.9,25,31,4.7,12.3,1011.8,
17-12-24 0:00,27.9,25,31,4.5,13,1011.9,
18-12-24 0:00,27.8,25,32,16.1,7.8,1012.4,
19-12-24 0:00,26.7,25,31,8.8,5.2,1012.4,
20-12-24 0:00,27.8,24,32,3.2,8.2,1012.1,
21-12-24 0:00,26.5,25,30,7.3,5,1012.8,
22-12-24 0:00,27.8,24,31.7,1.3,7.7,1011.7,
23-12-24 0:00,28.2,24,32.3,0.1,7,1010.7,
24-12-24 0:00,26.7,25,31,7.1,5.7,1011.4,
25-12-24 0:00,27.5,24.9,31,5.2,7.6,1011.9,
26-12-24 0:00,27.8,24.5,32.5,2,8.6,1012,
27-12-24 0:00,27.8,25,31.7,1.2,10.8,1012.4,
28-12-24 0:00,28.2,25,33.9,3,11,1012.2,
29-12-24 0:00,28.1,24.7,33,0.4,13.8,1011.4,
30-12-24 0:00,28.7,25.6,33,1.1,13.2,1011.1,
31-12-24 0:00,28.5,26,32.2,1.3,14.5,1010.9,
01-01-25 0:00,28.8,26,33,7.2,13.9,1010.3,
02-01-25 0:00,28.5,25.3,32.5,6.9,11.3,1011.1,
03-01-25 0:00,28.1,25,33.8,0.3,12.6,1011.6,
04-01-25 0:00,27.8,24,33,2.5,13,1011.6,
05-01-25 0:00,27.8,24.6,31.2,0.8,13.6,1011.1,
06-01-25 0:00,27.9,24.4,33,0.7,12.8,1011.5,
07-01-25 0:00,27.3,23.4,32.5,0.1,9.8,1011.4,
08-01-25 0:00,28.1,24.8,32.3,0.4,8.6,1010.4,
09-01-25 0:00,28.4,24,33,0.7,8.4,1010,
10-01-25 0:00,28.4,23.9,33,1.7,11.1,1011.1,
11-01-25 0:00,28.5,25.5,33,2.9,12,1011.1,
12-01-25 0:00,28.4,25.6,34.4,0.8,12.7,1009.5,
13-01-25 0:00,28.1,25,33,0.3,16.8,1008.3,
14-01-25 0:00,28.1,26,32.4,0.2,17.9,1009,
15-01-25 0:00,27.8,24,32.5,0.9,17.2,1010.9,
16-01-25 0:00,28.1,24.5,33,0,14.3,1011.6,
17-01-25 0:00,27.9,25,32,1,12.8,1011.1,
18-01-25 0:00,27.9,24.6,32.7,1.6,10.7,1009.6,
19-01-25 0:00,28.1,25,33.5,0.8,13.5,1009.1,
20-01-25 0:00,28.2,25.3,33.2,0.7,13.7,1009.3,
21-01-25 0:00,27.9,24,33.2,0.2,14.1,1010.1,
22-01-25 0:00,28,26,32,0.4,12.1,1011,
23-01-25 0:00,27.7,24,34.6,0,15.5,1009.8,
24-01-25 0:00,27.3,24.7,32,0.2,15.5,1009.3,
25-01-25 0:00,27.5,24.6,32,0,14.8,1009,
26-01-25 0:00,27.7,23.7,34.5,0.1,16.3,1009.2,
27-01-25 0:00,27.6,25,32.7,0.3,15.4,1009,
28-01-25 0:00,28.3,24,35.1,0.8,10.8,1008.9,
29-01-25 0:00,27.8,24,33.1,3.8,13.3,1009.6,
30-01-25 0:00,28.2,24.9,35,3.3,11.7,1010.4,
31-01-25 0:00,27.7,23.9,33,0,13.4,1009.2,
01-02-25 0:00,28,24.7,32,0.4,13.3,1009.6,
02-02-25 0:00,27.9,23.6,34.6,0,15.1,1008.8,
03-02-25 0:00,27.6,24.6,32,0.7,17,1008.9,
04-02-25 0:00,27.1,24.5,32.5,1.8,16.5,1010.4,
05-02-25 0:00,27.1,24,33,0,14.9,1009.5,
06-02-25 0:00,27.4,24.6,32,0.2,17.3,1008.7,
07-02-25 0:00,27.6,24.6,32.8,0,13.3,1010.3,
08-02-25 0:00,27.4,23,32.8,0,9.9,1010.6,
09-02-25 0:00,28.4,23.7,33.5,0,9.4,1009.8,
10-02-25 0:00,28.8,25.7,34,1.5,11.5,1008.4,
11-02-25 0:00,28.6,26,33,0,15.9,1009.4,
12-02-25 0:00,28.6,25.6,33.5,0.9,15.7,1010.6,
13-02-25 0:00,28.5,26,33,1.2,15.5,1011.1,
14-02-25 0:00,29,26,34,0.7,11.4,1010.7,
15-02-25 0:00,29.2,26,33.5,1.5,12.7,1010.4,
16-02-25 0:00,29,25.3,34.4,1.4,12.4,1009.1,
17-02-25 0:00,28.9,26,34,1.3,13.8,1009.8,
18-02-25 0:00,28.2,24.4,33.8,1.7,13.4,1010.2,
19-02-25 0:00,28.8,24.8,36,0.1,16,1009.4,
20-02-25 0:00,28.6,25,34,0,14.1,1008.9,
21-02-25 0:00,28.7,25,34,1.9,14.7,1009.8,
22-02-25 0:00,28.4,24.3,34,0,16.8,1010.7,
23-02-25 0:00,28.3,24.7,33.6,0,15.4,1011.5,
24-02-25 0:00,28.6,24.6,34,0,16.2,1011.4,
25-02-25 0:00,28.6,25,35,0.2,18.7,1010.6,
26-02-25 0:00,29.1,21,37,0.1,18.2,1011.1,
27-02-25 0:00,28.4,25.5,35.6,0,16.3,1011.9,
28-02-25 0:00,28.7,25,34.2,0,14,1010.4,
01-03-25 0:00,28.7,25,33.5,0,12.8,1009.7,
02-03-25 0:00,28.9,25,34,0.7,12.1,1010.2,
03-03-25 0:00,29.1,25,35,0.2,12.3,1009.8,
04-03-25 0:00,28.7,24.8,33.5,0.7,9.8,1010.1,
05-03-25 0:00,28.6,24,33,0,10.1,1010.6,
06-03-25 0:00,29.2,24.7,34.2,0.7,10.8,1010.5,
07-03-25 0:00,29.7,26,33.3,0.3,11.8,1009.8,
08-03-25 0:00,29.9,27,34,1.6,11.2,1007.8,
09-03-25 0:00,29.1,26,34,1.4,9,1007.2,
10-03-25 0:00,29,25.1,36.1,3.4,12.3,1008,
11-03-25 0:00,29.6,27,34,0.1,18.6,1008.4,
12-03-25 0:00,28.2,26.8,31.1,3.8,9.3,1009.4,
13-03-25 0:00,29.1,25.6,34.5,0.6,12.9,1009.2,
14-03-25 0:00,29.4,25.7,35,,13.8,1008.7,
15-03-25 0:00,29.4,27,33.1,,10.4,1010.2,
16-03-25 0:00,29.3,26,33,,12,1011,
17-03-25 0:00,29.3,25.7,35,,13.6,1011,
18-03-25 0:00,29.4,26,34,,14.5,1010.9,
19-03-25 0:00,28.6,25,33.4,0,10.9,1011.2,
20-03-25 0:00,29.5,26,34,,14.3,1012.4,
21-03-25 0:00,29.5,25.7,34,,15.2,1012.5,
22-03-25 0:00,29.9,26.7,34,0.1,12.7,1010.7,
23-03-25 0:00,29.7,26.5,33.9,0.7,12.3,1010.4,
24-03-25 0:00,30,26,34,2.3,12.6,1011.8,
25-03-25 0:00,30,26,34.6,1.7,12.8,1010.6,
26-03-25 0:00,27.2,23.8,32.9,36.1,9.6,1009.3,
27-03-25 0:00,28.4,25,33,9.1,8.1,1008.5,
28-03-25 0:00,27.8,25,30,19.6,8.7,1010.3,
29-03-25 0:00,27.6,25,30.9,0.8,10.3,1010.7,
30-03-25 0:00,28.6,25.6,31.9,11.1,11,1010.1,
31-03-25 0:00,29.6,26,33,1,14,1009.9,
01-04-25 0:00,29,26,32.3,2.7,14.9,1009.3,
02-04-25 0:00,28.8,25.7,33,5.3,15.4,1009.4,
03-04-25 0:00,27.9,26,31.3,3.8,13.7,1011,
04-04-25 0:00,26.6,25,30.2,15.9,11.5,1010.8,
05-04-25 0:00,27.6,25,31,8.3,12.3,1010.2,
06-04-25 0:00,27.4,24.6,31,18.2,8.6,1010.8,
07-04-25 0:00,28.4,25.6,32.2,7.1,10.7,1011.5,
08-04-25 0:00,28.7,25.6,33,5.3,13.3,1012.7,
09-04-25 0:00,28.9,25.5,32.6,1.9,13.6,1012.3,
10-04-25 0:00,29.2,25.7,33,5.7,12,1010.5,
11-04-25 0:00,29,26.2,33,3.3,11.4,1009.1,
12-04-25 0:00,29,26,33,4.9,13.4,1010,
13-04-25 0:00,28,24.1,32.4,5,13.1,1011.8,
14-04-25 0:00,28.5,26,33,0.9,15.5,1011.5,
15-04-25 0:00,28.3,24.7,32.2,3,14.5,1011.5,
16-04-25 0:00,27.7,25,31,6,13.4,1011.7,
17-04-25 0:00,28.2,25,32,,12.9,1011.1,
18-04-25 0:00,28.1,25.6,32,,11.6,1010.6,
19-04-25 0:00,28.3,25,33,,13.9,1010,
20-04-25 0:00,27.9,25,32,0,15.7,1009.9,
21-04-25 0:00,27.2,25,30.7,0,10.7,1010.5,
22-04-25 0:00,26.3,25,28.9,21.3,7.5,1011.2,
23-04-25 0:00,26,24.7,27.2,38.2,5.9,1011.8,
24-04-25 0:00,27.3,23.7,32,6.4,9.4,1011.3,
25-04-25 0:00,27.6,24.7,31.2,2.6,12.4,1011.3,
26-04-25 0:00,28,25,32,0.4,14.9,1010.7,
27-04-25 0:00,26.1,25,28,2.2,9.4,1010.9,
28-04-25 0:00,27.2,24.7,31,4.5,14.2,1009.4,
29-04-25 0:00,27.6,24.5,32,1.4,13.7,1009.5,
30-04-25 0:00,27.9,25.3,32,1.4,14.2,1010,
01-05-25 0:00,28,25,32,3.2,13.7,1010,
02-05-25 0:00,27.3,25.6,31,4.7,10.8,1010.2,
03-05-25 0:00,27.9,24.5,32,6.9,12.9,1010.3,
04-05-25 0:00,27.6,25.5,32,7.5,14.3,1010.6,
05-05-25 0:00,27.1,24.8,30.2,7.6,17.6,1012.2,
06-05-25 0:00,24.3,23,26,9.7,11.2,1013.5,
07-05-25 0:00,25.8,24,28,5.3,14.2,1012.6,
08-05-25 0:00,24.7,24,25.5,12.3,10.3,1012.2,
09-05-25 0:00,26.1,24.7,28.1,9,14.7,1012.4,
10-05-25 0:00,26.2,24,30,9.6,15.1,1013.4,
11-05-25 0:00,27.2,24,31,1.1,13.6,1013,
12-05-25 0:00,26.9,25,30,2,16.4,1013.2,
13-05-25 0:00,25.1,23.6,28,9.5,10.8,1013.8,
14-05-25 0:00,26.8,24,31,3.1,13,1013.5,
15-05-25 0:00,26.7,23.5,31,1.4,14.5,1013,
16-05-25 0:00,26.7,24.7,30.2,1.5,17.6,1012.7,
17-05-25 0:00,26.9,25,30.2,0.8,15.7,1012.2,
18-05-25 0:00,25,24,27,16.5,11,1011.6,
19-05-25 0:00,26.5,24,31,6.6,11.7,1011.3,
20-05-25 0:00,27.2,24,31.2,3.7,12.5,1011.1,
21-05-25 0:00,27.2,24,31.2,0.9,11.4,1012.3,
22-05-25 0:00,27.5,25,31,1.3,11.9,1013.4,
23-05-25 0:00,27.7,25,31.5,0.1,16.9,1013.6,
24-05-25 0:00,27.1,24.5,30.5,0,19.8,1013.3,
25-05-25 0:00,26.6,24,30.6,0,17.3,1014.5,
26-05-25 0:00,25.4,23.7,28.6,3.9,14.7,1015.6,
27-05-25 0:00,25.8,23.6,30,4,11.9,1016,
28-05-25 0:00,26,23.7,29.7,3,12.3,1016.8,
29-05-25 0:00,26.2,24,30,2.2,15.6,1016.9,
30-05-25 0:00,25.9,23,30,0.3,13.8,1016,
31-05-25 0:00,24.2,23,25.3,3.5,9.9,1016.3,
01-06-25 0:00,24.5,23,28,11.6,10.4,1016.8,
02-06-25 0:00,25.4,22,29,0.2,12.5,1015.5,
03-06-25 0:00,26.3,23,29.5,1.1,13.9,1014.7,
04-06-25 0:00,25.9,24,29.1,2.1,12.1,1014.7,
05-06-25 0:00,25.6,23,28,7.2,11.7,1015.9,
06-06-25 0:00,25.2,23,29,2.1,12.8,1016.9,
07-06-25 0:00,25.3,22,30,2,12.3,1016.3,
08-06-25 0:00,25.5,23.6,28,12.7,10.3,1015.7,
09-06-25 0:00,24.4,22.7,27,32.1,12.2,1015.8,
10-06-25 0:00,25.2,22.6,29.2,7.9,12,1014.9,
11-06-25 0:00,24.9,23,29,2.8,13.7,1014.4,
12-06-25 0:00,25.9,24,29.2,1.4,15.9,1014.4,
13-06-25 0:00,25.5,22.6,29,0.1,17.4,1015.6,
14-06-25 0:00,25.6,22,29,0.4,17.3,1016.5,
15-06-25 0:00,25.5,22,29.2,0.7,17,1016.7,
16-06-25 0:00,23.4,22,25,2.3,13.2,1016.6,
17-06-25 0:00,24.4,22,27.1,1.1,15,1016.6,
18-06-25 0:00,24.5,23.4,28,1.6,12.3,1016.2,
19-06-25 0:00,25,22.6,29,0.9,10.4,1016.2,
20-06-25 0:00,25.2,21.7,30,0,11.7,1015.8,
21-06-25 0:00,25.7,22,29.6,0,12.5,1015.4,
22-06-25 0:00,24.5,22,28,0.7,11.5,1015.4,
23-06-25 0:00,24.7,22.6,28,0.4,12.2,1015.6,
24-06-25 0:00,25,21.7,29.6,1.8,13.3,1015.2,
25-06-25 0:00,23.8,22,26,6.7,8.9,1015.4,
26-06-25 0:00,24.3,22,28,4.8,9.5,1015.3,
27-06-25 0:00,25.8,22,29.4,0.5,11.9,1014.8,
28-06-25 0:00,25.3,22.5,29,0.1,12.9,1015.7,
29-06-25 0:00,24.5,21.7,30,0.5,11.3,1015.7,
30-06-25 0:00,25.3,22,29,2.3,13.3,1015.6,
01-07-25 0:00,25.5,23,29.1,0.8,14.5,1016.4,
02-07-25 0:00,25.1,22.7,29,4.2,13.6,1016.8,
03-07-25 0:00,24.8,22,29,2.1,12.7,1016.4,
04-07-25 0:00,25.1,22,29.1,0.8,11.5,1016.3,
05-07-25 0:00,23.9,22.6,27,1.7,9.7,1016.3,
06-07-25 0:00,23.9,22,26.3,0.2,9.2,1016.3,
07-07-25 0:00,24.4,22.3,27.5,0,10.1,1016.9,
08-07-25 0:00,24.7,21.8,29,0,14.1,1017.6,
09-07-25 0:00,24.9,22.2,29,0,18.5,1017.5,
10-07-25 0:00,25.3,23,28.6,1.1,21.5,1016.7,
11-07-25 0:00,25.3,23,29,0.3,16,1016.3,
12-07-25 0:00,25,22.7,29,1.4,12.6,1016.5,
13-07-25 0:00,25.2,22,29,0.7,13,1017.7,
14-07-25 0:00,25.5,22.5,30,0,13.9,1017.6,
15-07-25 0:00,25.3,22,29.1,0,14.3,1016.5,
16-07-25 0:00,25.5,23,29.1,0.2,13,1015.8,
17-07-25 0:00,24.5,22.3,28.5,2.6,10.8,1016.9,
18-07-25 0:00,24.8,22.7,28.2,1.4,12.1,1018.1,
19-07-25 0:00,24.5,21.7,28,0.3,13.5,1017.4,
20-07-25 0:00,24.6,20.7,29,1.3,16.4,1015.6,
21-07-25 0:00,24,20.7,28,0.4,15.1,1015.1,
22-07-25 0:00,23.7,21,27.7,0.2,13.3,1016.5,
23-07-25 0:00,24.4,21.7,28,0.3,13.1,1016.8,
24-07-25 0:00,23.7,21,27.7,1.3,14,1016.5,
25-07-25 0:00,23.7,20.7,28.2,0.2,13.5,1016,
26-07-25 0:00,24,20.7,29,0.1,14.6,1016.5,
27-07-25 0:00,24.6,20.6,29,0,15.8,1017.5,
28-07-25 0:00,24.8,21.6,29,0.7,18.8,1018.4,
29-07-25 0:00,24,21,29.1,1.2,15.6,1018.7,
30-07-25 0:00,23.6,20.7,27,7.3,14.8,1019.4,
31-07-25 0:00,23.8,22,26,4.9,11.8,1018.7,
